indicator;jaar;thema;eenheid;bron;doel_tekst;legitimatie;coalitiedoel;coalitiebedoeling;doel;doeljaar;doel_meerdere;richting;doelsoort;heeft_coalitiedoel;doel_alt;doel_alt_label;waarde_rk;waarde;herkomst
% personen onder NL-armoedegrens (nieuwe CBS–SCP–Nibud-methode);2020;Bestaanszekerheid;NA;CBS/SCP/Nibud;Niet hoger dan 2024: 3,1%;het Europees Sociaal Handvest (artikel 30), het VN-Verdrag inzake Economische, Sociale en Culturele Rechten (ICESCR) en de VN-doelen (SDG 1) om armoede in 2030 uit te bannen;NA;Daarom zetten we ambitieus in om zoveel mogelijk mensen uit de armoede te halen (of te voorkomen dat ze erin komen);3,1;2024;NA;lager;Wet of verdrag;FALSE;NA;NA;5,10000000000000;5,10000000000000;Rekenkamer
% personen onder NL-armoedegrens (nieuwe CBS–SCP–Nibud-methode);2021;Bestaanszekerheid;NA;CBS/SCP/Nibud;Niet hoger dan 2024: 3,1%;het Europees Sociaal Handvest (artikel 30), het VN-Verdrag inzake Economische, Sociale en Culturele Rechten (ICESCR) en de VN-doelen (SDG 1) om armoede in 2030 uit te bannen;NA;Daarom zetten we ambitieus in om zoveel mogelijk mensen uit de armoede te halen (of te voorkomen dat ze erin komen);3,1;2024;NA;lager;Wet of verdrag;FALSE;NA;NA;4,90000000000000;4,90000000000000;Rekenkamer
% personen onder NL-armoedegrens (nieuwe CBS–SCP–Nibud-methode);2022;Bestaanszekerheid;NA;CBS/SCP/Nibud;Niet hoger dan 2024: 3,1%;het Europees Sociaal Handvest (artikel 30), het VN-Verdrag inzake Economische, Sociale en Culturele Rechten (ICESCR) en de VN-doelen (SDG 1) om armoede in 2030 uit te bannen;NA;Daarom zetten we ambitieus in om zoveel mogelijk mensen uit de armoede te halen (of te voorkomen dat ze erin komen);3,1;2024;NA;lager;Wet of verdrag;FALSE;NA;NA;3,40000000000000;3,40000000000000;Rekenkamer
% personen onder NL-armoedegrens (nieuwe CBS–SCP–Nibud-methode);2023;Bestaanszekerheid;NA;CBS/SCP/Nibud;Niet hoger dan 2024: 3,1%;het Europees Sociaal Handvest (artikel 30), het VN-Verdrag inzake Economische, Sociale en Culturele Rechten (ICESCR) en de VN-doelen (SDG 1) om armoede in 2030 uit te bannen;NA;Daarom zetten we ambitieus in om zoveel mogelijk mensen uit de armoede te halen (of te voorkomen dat ze erin komen);3,1;2024;NA;lager;Wet of verdrag;FALSE;NA;NA;2,70000000000000;2,70000000000000;Rekenkamer
% personen onder NL-armoedegrens (nieuwe CBS–SCP–Nibud-methode);2024;Bestaanszekerheid;NA;CBS/SCP/Nibud;Niet hoger dan 2024: 3,1%;het Europees Sociaal Handvest (artikel 30), het VN-Verdrag inzake Economische, Sociale en Culturele Rechten (ICESCR) en de VN-doelen (SDG 1) om armoede in 2030 uit te bannen;NA;Daarom zetten we ambitieus in om zoveel mogelijk mensen uit de armoede te halen (of te voorkomen dat ze erin komen);3,1;2024;NA;lager;Wet of verdrag;FALSE;NA;NA;3,10000000000000;3,10000000000000;Rekenkamer
Armoede intensiteit (% inkomenstekort ten opzichte van de armoedegrens bij de mediaan binnen de groep in armoede);2020;Bestaanszekerheid;NA;CBS/SCP/Nibud;Lager is beter;het Europees Sociaal Handvest (artikel 30), het VN-Verdrag inzake Economische, Sociale en Culturele Rechten (ICESCR) en de VN-doelen (SDG 1) om armoede in 2030 uit te bannen;NA;We zien dat de intensiteit van de resterende armoede toeneemt. Daarom nemen we gerichte maatregelen om die kwetsbare groep, die voor een groot deel bestaat uit werkende armen, te helpen;NA;NA;NA;lager;Wet of verdrag;FALSE;NA;NA;11,00000000000000;11,00000000000000;Rekenkamer
Armoede intensiteit (% inkomenstekort ten opzichte van de armoedegrens bij de mediaan binnen de groep in armoede);2021;Bestaanszekerheid;NA;CBS/SCP/Nibud;Lager is beter;het Europees Sociaal Handvest (artikel 30), het VN-Verdrag inzake Economische, Sociale en Culturele Rechten (ICESCR) en de VN-doelen (SDG 1) om armoede in 2030 uit te bannen;NA;We zien dat de intensiteit van de resterende armoede toeneemt. Daarom nemen we gerichte maatregelen om die kwetsbare groep, die voor een groot deel bestaat uit werkende armen, te helpen;NA;NA;NA;lager;Wet of verdrag;FALSE;NA;NA;10,00000000000000;10,00000000000000;Rekenkamer
Armoede intensiteit (% inkomenstekort ten opzichte van de armoedegrens bij de mediaan binnen de groep in armoede);2022;Bestaanszekerheid;NA;CBS/SCP/Nibud;Lager is beter;het Europees Sociaal Handvest (artikel 30), het VN-Verdrag inzake Economische, Sociale en Culturele Rechten (ICESCR) en de VN-doelen (SDG 1) om armoede in 2030 uit te bannen;NA;We zien dat de intensiteit van de resterende armoede toeneemt. Daarom nemen we gerichte maatregelen om die kwetsbare groep, die voor een groot deel bestaat uit werkende armen, te helpen;NA;NA;NA;lager;Wet of verdrag;FALSE;NA;NA;13,00000000000000;13,00000000000000;Rekenkamer
Armoede intensiteit (% inkomenstekort ten opzichte van de armoedegrens bij de mediaan binnen de groep in armoede);2023;Bestaanszekerheid;NA;CBS/SCP/Nibud;Lager is beter;het Europees Sociaal Handvest (artikel 30), het VN-Verdrag inzake Economische, Sociale en Culturele Rechten (ICESCR) en de VN-doelen (SDG 1) om armoede in 2030 uit te bannen;NA;We zien dat de intensiteit van de resterende armoede toeneemt. Daarom nemen we gerichte maatregelen om die kwetsbare groep, die voor een groot deel bestaat uit werkende armen, te helpen;NA;NA;NA;lager;Wet of verdrag;FALSE;NA;NA;19,00000000000000;19,00000000000000;Rekenkamer
Armoede intensiteit (% inkomenstekort ten opzichte van de armoedegrens bij de mediaan binnen de groep in armoede);2024;Bestaanszekerheid;NA;CBS/SCP/Nibud;Lager is beter;het Europees Sociaal Handvest (artikel 30), het VN-Verdrag inzake Economische, Sociale en Culturele Rechten (ICESCR) en de VN-doelen (SDG 1) om armoede in 2030 uit te bannen;NA;We zien dat de intensiteit van de resterende armoede toeneemt. Daarom nemen we gerichte maatregelen om die kwetsbare groep, die voor een groot deel bestaat uit werkende armen, te helpen;NA;NA;NA;lager;Wet of verdrag;FALSE;NA;NA;19,00000000000000;19,00000000000000;Rekenkamer
Huishoudens met problematische schulden (%);2020;Bestaanszekerheid;%;CBS;Hoe minder hoe beter;Participatiewet 2015;NA;… denk aan het oplossen van schuldenproblematiek;NA;NA;NA;lager;Wet of verdrag;FALSE;NA;NA;7,90000000000000;7,90000000000000;Rekenkamer
Huishoudens met problematische schulden (%);2021;Bestaanszekerheid;%;CBS;Hoe minder hoe beter;Participatiewet 2015;NA;… denk aan het oplossen van schuldenproblematiek;NA;NA;NA;lager;Wet of verdrag;FALSE;NA;NA;7,70000000000000;7,70000000000000;Rekenkamer
Huishoudens met problematische schulden (%);2022;Bestaanszekerheid;%;CBS;Hoe minder hoe beter;Participatiewet 2015;NA;… denk aan het oplossen van schuldenproblematiek;NA;NA;NA;lager;Wet of verdrag;FALSE;NA;NA;8,10000000000000;8,10000000000000;Rekenkamer
Huishoudens met problematische schulden (%);2023;Bestaanszekerheid;%;CBS;Hoe minder hoe beter;Participatiewet 2015;NA;… denk aan het oplossen van schuldenproblematiek;NA;NA;NA;lager;Wet of verdrag;FALSE;NA;NA;8,80000000000000;8,80000000000000;Rekenkamer
Huishoudens met problematische schulden (%);2024;Bestaanszekerheid;%;CBS;Hoe minder hoe beter;Participatiewet 2015;NA;… denk aan het oplossen van schuldenproblematiek;NA;NA;NA;lager;Wet of verdrag;FALSE;NA;NA;8,90000000000000;8,90000000000000;Rekenkamer
Huishoudens met problematische schulden (%);2025;Bestaanszekerheid;%;CBS;Hoe minder hoe beter;Participatiewet 2015;NA;… denk aan het oplossen van schuldenproblematiek;NA;NA;NA;lager;Wet of verdrag;FALSE;NA;NA;8,60000000000000;8,60000000000000;Rekenkamer
Kinderarmoede (% kinderen < 18);2020;Bestaanszekerheid;% kinderen < 18;CBS/CPB;Niet hoger dan 2024: 2,8%;het Europees Sociaal Handvest (artikel 30), het VN-Verdrag inzake Economische, Sociale en Culturele Rechten (ICESCR) en de VN-doelen (SDG 1) om armoede in 2030 uit te bannen;NA;NA;2,8;2024;NA;lager;Wet of verdrag;FALSE;NA;NA;6,20000000000000;6,20000000000000;Rekenkamer
Kinderarmoede (% kinderen < 18);2021;Bestaanszekerheid;% kinderen < 18;CBS/CPB;Niet hoger dan 2024: 2,8%;het Europees Sociaal Handvest (artikel 30), het VN-Verdrag inzake Economische, Sociale en Culturele Rechten (ICESCR) en de VN-doelen (SDG 1) om armoede in 2030 uit te bannen;NA;NA;2,8;2024;NA;lager;Wet of verdrag;FALSE;NA;NA;5,60000000000000;5,60000000000000;Rekenkamer
Kinderarmoede (% kinderen < 18);2022;Bestaanszekerheid;% kinderen < 18;CBS/CPB;Niet hoger dan 2024: 2,8%;het Europees Sociaal Handvest (artikel 30), het VN-Verdrag inzake Economische, Sociale en Culturele Rechten (ICESCR) en de VN-doelen (SDG 1) om armoede in 2030 uit te bannen;NA;NA;2,8;2024;NA;lager;Wet of verdrag;FALSE;NA;NA;4,10000000000000;4,10000000000000;Rekenkamer
Kinderarmoede (% kinderen < 18);2023;Bestaanszekerheid;% kinderen < 18;CBS/CPB;Niet hoger dan 2024: 2,8%;het Europees Sociaal Handvest (artikel 30), het VN-Verdrag inzake Economische, Sociale en Culturele Rechten (ICESCR) en de VN-doelen (SDG 1) om armoede in 2030 uit te bannen;NA;NA;2,8;2024;NA;lager;Wet of verdrag;FALSE;NA;NA;2,80000000000000;2,80000000000000;Rekenkamer
Kinderarmoede (% kinderen < 18);2024;Bestaanszekerheid;% kinderen < 18;CBS/CPB;Niet hoger dan 2024: 2,8%;het Europees Sociaal Handvest (artikel 30), het VN-Verdrag inzake Economische, Sociale en Culturele Rechten (ICESCR) en de VN-doelen (SDG 1) om armoede in 2030 uit te bannen;NA;NA;2,8;2024;NA;lager;Wet of verdrag;FALSE;NA;NA;2,80000000000000;2,80000000000000;Rekenkamer
Aantal geregistreerde misdrijven;2020;Binnenlandse Veiligheid;NA;CBS/Politie;Lager # is beter;Versterking prestaties strafrechtketen (VPS), Strategische agenda politie;NA;Voorkomen en aanpakken criminaliteit;NA;NA;NA;lager;Beleidsafspraak;FALSE;NA;NA;813,00000000000000;813,00000000000000;Rekenkamer
Aantal geregistreerde misdrijven;2021;Binnenlandse Veiligheid;NA;CBS/Politie;Lager # is beter;Versterking prestaties strafrechtketen (VPS), Strategische agenda politie;NA;Voorkomen en aanpakken criminaliteit;NA;NA;NA;lager;Beleidsafspraak;FALSE;NA;NA;758,00000000000000;758,00000000000000;Rekenkamer
Aantal geregistreerde misdrijven;2022;Binnenlandse Veiligheid;NA;CBS/Politie;Lager # is beter;Versterking prestaties strafrechtketen (VPS), Strategische agenda politie;NA;Voorkomen en aanpakken criminaliteit;NA;NA;NA;lager;Beleidsafspraak;FALSE;NA;NA;811,00000000000000;811,00000000000000;Rekenkamer
Aantal geregistreerde misdrijven;2023;Binnenlandse Veiligheid;NA;CBS/Politie;Lager # is beter;Versterking prestaties strafrechtketen (VPS), Strategische agenda politie;NA;Voorkomen en aanpakken criminaliteit;NA;NA;NA;lager;Beleidsafspraak;FALSE;NA;NA;817,00000000000000;817,00000000000000;Rekenkamer
Aantal geregistreerde misdrijven;2024;Binnenlandse Veiligheid;NA;CBS/Politie;Lager # is beter;Versterking prestaties strafrechtketen (VPS), Strategische agenda politie;NA;Voorkomen en aanpakken criminaliteit;NA;NA;NA;lager;Beleidsafspraak;FALSE;NA;NA;816,00000000000000;816,00000000000000;Rekenkamer
Aantal geregistreerde misdrijven;2025;Binnenlandse Veiligheid;NA;CBS/Politie;Lager # is beter;Versterking prestaties strafrechtketen (VPS), Strategische agenda politie;NA;Voorkomen en aanpakken criminaliteit;NA;NA;NA;lager;Beleidsafspraak;FALSE;NA;NA;816,00000000000000;816,00000000000000;Rekenkamer
Aantal opgehelderde misdrijven;2020;Binnenlandse Veiligheid;NA;CBS/Politie;Meer opgehelderd is beter (hoger aantal);Versterking prestaties strafrechtketen (VPS), Strategische agenda politie;NA;Voorkomen en aanpakken criminaliteit;NA;NA;NA;hoger;Beleidsafspraak;FALSE;NA;NA;220,00000000000000;220,00000000000000;Rekenkamer
Aantal opgehelderde misdrijven;2021;Binnenlandse Veiligheid;NA;CBS/Politie;Meer opgehelderd is beter (hoger aantal);Versterking prestaties strafrechtketen (VPS), Strategische agenda politie;NA;Voorkomen en aanpakken criminaliteit;NA;NA;NA;hoger;Beleidsafspraak;FALSE;NA;NA;209,00000000000000;209,00000000000000;Rekenkamer
Aantal opgehelderde misdrijven;2022;Binnenlandse Veiligheid;NA;CBS/Politie;Meer opgehelderd is beter (hoger aantal);Versterking prestaties strafrechtketen (VPS), Strategische agenda politie;NA;Voorkomen en aanpakken criminaliteit;NA;NA;NA;hoger;Beleidsafspraak;FALSE;NA;NA;230,00000000000000;230,00000000000000;Rekenkamer
Aantal opgehelderde misdrijven;2023;Binnenlandse Veiligheid;NA;CBS/Politie;Meer opgehelderd is beter (hoger aantal);Versterking prestaties strafrechtketen (VPS), Strategische agenda politie;NA;Voorkomen en aanpakken criminaliteit;NA;NA;NA;hoger;Beleidsafspraak;FALSE;NA;NA;228,00000000000000;228,00000000000000;Rekenkamer
Aantal opgehelderde misdrijven;2024;Binnenlandse Veiligheid;NA;CBS/Politie;Meer opgehelderd is beter (hoger aantal);Versterking prestaties strafrechtketen (VPS), Strategische agenda politie;NA;Voorkomen en aanpakken criminaliteit;NA;NA;NA;hoger;Beleidsafspraak;FALSE;NA;NA;208,00000000000000;208,00000000000000;Rekenkamer
Aantal opgehelderde misdrijven;2025;Binnenlandse Veiligheid;NA;CBS/Politie;Meer opgehelderd is beter (hoger aantal);Versterking prestaties strafrechtketen (VPS), Strategische agenda politie;NA;Voorkomen en aanpakken criminaliteit;NA;NA;NA;hoger;Beleidsafspraak;FALSE;NA;NA;180,00000000000000;180,00000000000000;Rekenkamer
High Impact Crimes x 1.000;2020;Binnenlandse Veiligheid;NA;CBS;Hoe minder hoe beter;Wetboek van Strafrecht, ingediende moties en toezeggingen aan de Kamer;NA;NA;NA;NA;NA;lager;Wet of verdrag;FALSE;NA;NA;115,08000000000000;115,08000000000000;Rekenkamer
High Impact Crimes x 1.000;2021;Binnenlandse Veiligheid;NA;CBS;Hoe minder hoe beter;Wetboek van Strafrecht, ingediende moties en toezeggingen aan de Kamer;NA;NA;NA;NA;NA;lager;Wet of verdrag;FALSE;NA;NA;103,02000000000000;103,02000000000000;Rekenkamer
High Impact Crimes x 1.000;2022;Binnenlandse Veiligheid;NA;CBS;Hoe minder hoe beter;Wetboek van Strafrecht, ingediende moties en toezeggingen aan de Kamer;NA;NA;NA;NA;NA;lager;Wet of verdrag;FALSE;NA;NA;108,23000000000002;108,23000000000002;Rekenkamer
High Impact Crimes x 1.000;2023;Binnenlandse Veiligheid;NA;CBS;Hoe minder hoe beter;Wetboek van Strafrecht, ingediende moties en toezeggingen aan de Kamer;NA;NA;NA;NA;NA;lager;Wet of verdrag;FALSE;NA;NA;102,02000000000000;102,02000000000000;Rekenkamer
High Impact Crimes x 1.000;2024;Binnenlandse Veiligheid;NA;CBS;Hoe minder hoe beter;Wetboek van Strafrecht, ingediende moties en toezeggingen aan de Kamer;NA;NA;NA;NA;NA;lager;Wet of verdrag;FALSE;NA;NA;103,73000000000002;103,73000000000002;Rekenkamer
National Cybersecurity Index - NL (ranking);2022;Binnenlandse Veiligheid;ranking;e-Governance Academy (Estland);hoe lager het cijfer van de ranking, hoe beter;"NIS2-richtlijn; Cyberbeveiligingswet";NA;We breiden de defensieve en offensieve cybercapaciteiten uit;NA;NA;NA;lager;Wet of verdrag;FALSE;NA;NA;20,00000000000000;20,00000000000000;Rekenkamer
National Cybersecurity Index - NL (ranking);2024;Binnenlandse Veiligheid;ranking;e-Governance Academy (Estland);hoe lager het cijfer van de ranking, hoe beter;"NIS2-richtlijn; Cyberbeveiligingswet";NA;We breiden de defensieve en offensieve cybercapaciteiten uit;NA;NA;NA;lager;Wet of verdrag;FALSE;NA;NA;35,00000000000000;35,00000000000000;Rekenkamer
National Cybersecurity Index - NL (score);2022;Binnenlandse Veiligheid;score;e-Governance Academy (Estland);Hoe hoger, hoe beter;"NIS2-richtlijn; Cyberbeveiligingswet";NA;We breiden de defensieve en offensieve cybercapaciteiten uit;NA;NA;NA;hoger;Wet of verdrag;FALSE;NA;NA;83,12000000000000;83,12000000000000;Rekenkamer
National Cybersecurity Index - NL (score);2024;Binnenlandse Veiligheid;score;e-Governance Academy (Estland);Hoe hoger, hoe beter;"NIS2-richtlijn; Cyberbeveiligingswet";NA;We breiden de defensieve en offensieve cybercapaciteiten uit;NA;NA;NA;hoger;Wet of verdrag;FALSE;NA;NA;81,67000000000000;81,67000000000000;Rekenkamer
Ophelderingspercentage misdrijven;2020;Binnenlandse Veiligheid;NA;CBS/Politie;hoger % opgehelderd is beter;Versterking prestaties strafrechtketen (VPS), Strategische agenda politie;NA;Voorkomen en aanpakken criminaliteit;NA;NA;NA;hoger;Beleidsafspraak;FALSE;NA;NA;27,06027060270602;27,06027060270602;Rekenkamer
Ophelderingspercentage misdrijven;2021;Binnenlandse Veiligheid;NA;CBS/Politie;hoger % opgehelderd is beter;Versterking prestaties strafrechtketen (VPS), Strategische agenda politie;NA;Voorkomen en aanpakken criminaliteit;NA;NA;NA;hoger;Beleidsafspraak;FALSE;NA;NA;27,57255936675461;27,57255936675461;Rekenkamer
Ophelderingspercentage misdrijven;2022;Binnenlandse Veiligheid;NA;CBS/Politie;hoger % opgehelderd is beter;Versterking prestaties strafrechtketen (VPS), Strategische agenda politie;NA;Voorkomen en aanpakken criminaliteit;NA;NA;NA;hoger;Beleidsafspraak;FALSE;NA;NA;28,36004932182491;28,36004932182491;Rekenkamer
Ophelderingspercentage misdrijven;2023;Binnenlandse Veiligheid;NA;CBS/Politie;hoger % opgehelderd is beter;Versterking prestaties strafrechtketen (VPS), Strategische agenda politie;NA;Voorkomen en aanpakken criminaliteit;NA;NA;NA;hoger;Beleidsafspraak;FALSE;NA;NA;27,90697674418605;27,90697674418605;Rekenkamer
Ophelderingspercentage misdrijven;2024;Binnenlandse Veiligheid;NA;CBS/Politie;hoger % opgehelderd is beter;Versterking prestaties strafrechtketen (VPS), Strategische agenda politie;NA;Voorkomen en aanpakken criminaliteit;NA;NA;NA;hoger;Beleidsafspraak;FALSE;NA;NA;25,49019607843137;25,49019607843137;Rekenkamer
Ophelderingspercentage misdrijven;2025;Binnenlandse Veiligheid;NA;CBS/Politie;hoger % opgehelderd is beter;Versterking prestaties strafrechtketen (VPS), Strategische agenda politie;NA;Voorkomen en aanpakken criminaliteit;NA;NA;NA;hoger;Beleidsafspraak;FALSE;NA;NA;22,05000000000000;22,05000000000000;Rekenkamer
Slachtoffers traditionele criminaliteit (% bevolking);2021;Binnenlandse Veiligheid;% bevolking;CBS;Hoe minder hoe beter;Breed gehanteerde indicator;NA;NA;NA;NA;NA;lager;Overig;FALSE;NA;NA;17,10000000000000;17,10000000000000;Rekenkamer
Slachtoffers traditionele criminaliteit (% bevolking);2023;Binnenlandse Veiligheid;% bevolking;CBS;Hoe minder hoe beter;Breed gehanteerde indicator;NA;NA;NA;NA;NA;lager;Overig;FALSE;NA;NA;19,90000000000000;19,90000000000000;Rekenkamer
Slachtoffers traditionele criminaliteit (% bevolking);2025;Binnenlandse Veiligheid;% bevolking;CBS;Hoe minder hoe beter;Breed gehanteerde indicator;NA;NA;NA;NA;NA;lager;Overig;FALSE;NA;NA;20,00000000000000;20,00000000000000;Rekenkamer
Slachtoffers van moord en doodslag per 100.000 inwoners;2020;Binnenlandse Veiligheid;NA;CBS;Hoe minder hoe beter;Breed gehanteerde indicator;NA;NA;NA;NA;NA;lager;Overig;FALSE;NA;NA;0,69000000000000;0,69000000000000;Rekenkamer
Slachtoffers van moord en doodslag per 100.000 inwoners;2021;Binnenlandse Veiligheid;NA;CBS;Hoe minder hoe beter;Breed gehanteerde indicator;NA;NA;NA;NA;NA;lager;Overig;FALSE;NA;NA;0,72000000000000;0,72000000000000;Rekenkamer
Slachtoffers van moord en doodslag per 100.000 inwoners;2022;Binnenlandse Veiligheid;NA;CBS;Hoe minder hoe beter;Breed gehanteerde indicator;NA;NA;NA;NA;NA;lager;Overig;FALSE;NA;NA;0,81000000000000;0,81000000000000;Rekenkamer
Slachtoffers van moord en doodslag per 100.000 inwoners;2023;Binnenlandse Veiligheid;NA;CBS;Hoe minder hoe beter;Breed gehanteerde indicator;NA;NA;NA;NA;NA;lager;Overig;FALSE;NA;NA;0,70000000000000;0,70000000000000;Rekenkamer
Slachtoffers van moord en doodslag per 100.000 inwoners;2024;Binnenlandse Veiligheid;NA;CBS;Hoe minder hoe beter;Breed gehanteerde indicator;NA;NA;NA;NA;NA;lager;Overig;FALSE;NA;NA;0,68000000000000;0,68000000000000;Rekenkamer
Defensie uitgaven (NAVO-norm);2020;Defensie en Ontwikkelingssamenwerking;NAVO-norm;Defensie;2035: 3,5% BBP;NATO guideline 2014 (2%) en Defence Investment Plan 2025 (3,5% + 1,5%);Wettelijke verankering NAVO-norm van 3,5% BBP;NA;3,5;2035;NA;hoger;Overig;TRUE;NA;NA;1,41000000000000;1,41000000000000;Rekenkamer
Defensie uitgaven (NAVO-norm);2021;Defensie en Ontwikkelingssamenwerking;NAVO-norm;Defensie;2035: 3,5% BBP;NATO guideline 2014 (2%) en Defence Investment Plan 2025 (3,5% + 1,5%);Wettelijke verankering NAVO-norm van 3,5% BBP;NA;3,5;2035;NA;hoger;Overig;TRUE;NA;NA;1,36000000000000;1,36000000000000;Rekenkamer
Defensie uitgaven (NAVO-norm);2022;Defensie en Ontwikkelingssamenwerking;NAVO-norm;Defensie;2035: 3,5% BBP;NATO guideline 2014 (2%) en Defence Investment Plan 2025 (3,5% + 1,5%);Wettelijke verankering NAVO-norm van 3,5% BBP;NA;3,5;2035;NA;hoger;Overig;TRUE;NA;NA;1,38000000000000;1,38000000000000;Rekenkamer
Defensie uitgaven (NAVO-norm);2023;Defensie en Ontwikkelingssamenwerking;NAVO-norm;Defensie;2035: 3,5% BBP;NATO guideline 2014 (2%) en Defence Investment Plan 2025 (3,5% + 1,5%);Wettelijke verankering NAVO-norm van 3,5% BBP;NA;3,5;2035;NA;hoger;Overig;TRUE;NA;NA;1,50000000000000;1,50000000000000;Rekenkamer
Defensie uitgaven (NAVO-norm);2024;Defensie en Ontwikkelingssamenwerking;NAVO-norm;Defensie;2035: 3,5% BBP;NATO guideline 2014 (2%) en Defence Investment Plan 2025 (3,5% + 1,5%);Wettelijke verankering NAVO-norm van 3,5% BBP;NA;3,5;2035;NA;hoger;Overig;TRUE;NA;NA;1,79000000000000;1,79000000000000;Rekenkamer
Defensie uitgaven (NAVO-norm);2025;Defensie en Ontwikkelingssamenwerking;NAVO-norm;Defensie;2035: 3,5% BBP;NATO guideline 2014 (2%) en Defence Investment Plan 2025 (3,5% + 1,5%);Wettelijke verankering NAVO-norm van 3,5% BBP;NA;3,5;2035;NA;hoger;Overig;TRUE;NA;NA;2,22000000000000;2,22000000000000;Rekenkamer
Investeringsquote defensie uitgaven (% defensie-uitgaven voor investeringen);2022;Defensie en Ontwikkelingssamenwerking;NA;Defensie;> 20%;NATO Defence Investment Pledge (2014) en Defence Planning Capability Review;NA;NA;20,0;NA;NA;hoger;Overig;FALSE;NA;NA;24,90000000000000;24,90000000000000;Rekenkamer
Investeringsquote defensie uitgaven (% defensie-uitgaven voor investeringen);2023;Defensie en Ontwikkelingssamenwerking;NA;Defensie;> 20%;NATO Defence Investment Pledge (2014) en Defence Planning Capability Review;NA;NA;20,0;NA;NA;hoger;Overig;FALSE;NA;NA;23,90000000000000;23,90000000000000;Rekenkamer
Investeringsquote defensie uitgaven (% defensie-uitgaven voor investeringen);2024;Defensie en Ontwikkelingssamenwerking;NA;Defensie;> 20%;NATO Defence Investment Pledge (2014) en Defence Planning Capability Review;NA;NA;20,0;NA;NA;hoger;Overig;FALSE;NA;NA;26,70000000000000;26,70000000000000;Rekenkamer
Investeringsquote defensie uitgaven (% defensie-uitgaven voor investeringen);2025;Defensie en Ontwikkelingssamenwerking;NA;Defensie;> 20%;NATO Defence Investment Pledge (2014) en Defence Planning Capability Review;NA;NA;20,0;NA;NA;hoger;Overig;FALSE;NA;NA;30,10000000000000;30,10000000000000;Rekenkamer
Uitgaven ontwikkelingssamenwerking (als % BNI);2020;Defensie en Ontwikkelingssamenwerking;als % BNI;CBS;7.0000000000000001E-3;VN-resolutie 2626 (XXV) en overgenomen in EU-verplichtingen en SDG 17.2;NA;We zetten een stap richting de OESO-norm;0,7;NA;NA;hoger;Overig;FALSE;NA;NA;0,59000000000000;0,59000000000000;Rekenkamer
Uitgaven ontwikkelingssamenwerking (als % BNI);2021;Defensie en Ontwikkelingssamenwerking;als % BNI;CBS;7.0000000000000001E-3;VN-resolutie 2626 (XXV) en overgenomen in EU-verplichtingen en SDG 17.2;NA;We zetten een stap richting de OESO-norm;0,7;NA;NA;hoger;Overig;FALSE;NA;NA;0,52000000000000;0,52000000000000;Rekenkamer
Uitgaven ontwikkelingssamenwerking (als % BNI);2022;Defensie en Ontwikkelingssamenwerking;als % BNI;CBS;7.0000000000000001E-3;VN-resolutie 2626 (XXV) en overgenomen in EU-verplichtingen en SDG 17.2;NA;We zetten een stap richting de OESO-norm;0,7;NA;NA;hoger;Overig;FALSE;NA;NA;0,67000000000000;0,67000000000000;Rekenkamer
Uitgaven ontwikkelingssamenwerking (als % BNI);2023;Defensie en Ontwikkelingssamenwerking;als % BNI;CBS;7.0000000000000001E-3;VN-resolutie 2626 (XXV) en overgenomen in EU-verplichtingen en SDG 17.2;NA;We zetten een stap richting de OESO-norm;0,7;NA;NA;hoger;Overig;FALSE;NA;NA;0,66000000000000;0,66000000000000;Rekenkamer
Uitgaven ontwikkelingssamenwerking (als % BNI);2024;Defensie en Ontwikkelingssamenwerking;als % BNI;CBS;7.0000000000000001E-3;VN-resolutie 2626 (XXV) en overgenomen in EU-verplichtingen en SDG 17.2;NA;We zetten een stap richting de OESO-norm;0,7;NA;NA;hoger;Overig;FALSE;NA;NA;0,62000000000000;0,62000000000000;Rekenkamer
Uitgaven ontwikkelingssamenwerking (als % BNI);2025;Defensie en Ontwikkelingssamenwerking;als % BNI;CBS;7.0000000000000001E-3;VN-resolutie 2626 (XXV) en overgenomen in EU-verplichtingen en SDG 17.2;NA;We zetten een stap richting de OESO-norm;0,7;NA;NA;hoger;Overig;FALSE;NA;NA;0,54000000000000;0,54000000000000;Rekenkamer
Vullingsgraad formatie krijgsmacht (Militair personeel);2021;Defensie en Ontwikkelingssamenwerking;Militair personeel;Defensie;2025: 86,7%;Jaarverslagen ministerie van Defensie;NA;NA;86,7;2025;NA;hoger;Overig;FALSE;NA;NA;79,90000000000001;79,90000000000001;Rekenkamer
Vullingsgraad formatie krijgsmacht (Militair personeel);2022;Defensie en Ontwikkelingssamenwerking;Militair personeel;Defensie;2025: 86,7%;Jaarverslagen ministerie van Defensie;NA;NA;86,7;2025;NA;hoger;Overig;FALSE;NA;NA;79,90000000000001;79,90000000000001;Rekenkamer
Vullingsgraad formatie krijgsmacht (Militair personeel);2023;Defensie en Ontwikkelingssamenwerking;Militair personeel;Defensie;2025: 86,7%;Jaarverslagen ministerie van Defensie;NA;NA;86,7;2025;NA;hoger;Overig;FALSE;NA;NA;79,00000000000000;79,00000000000000;Rekenkamer
Vullingsgraad formatie krijgsmacht (Militair personeel);2024;Defensie en Ontwikkelingssamenwerking;Militair personeel;Defensie;2025: 86,7%;Jaarverslagen ministerie van Defensie;NA;NA;86,7;2025;NA;hoger;Overig;FALSE;NA;NA;77,20000000000000;77,20000000000000;Rekenkamer
Vullingsgraad formatie krijgsmacht (Militair personeel);2025;Defensie en Ontwikkelingssamenwerking;Militair personeel;Defensie;2025: 86,7%;Jaarverslagen ministerie van Defensie;NA;NA;86,7;2025;NA;hoger;Overig;FALSE;NA;NA;79,50000000000000;79,50000000000000;Rekenkamer
"Arbeidsproductiviteit (toegevoegde waarde per gewerkt uur; index, 2021 = 100)";2020;Economie & Arbeidsmarkt;NA;CBS;een hogere indexscore is beter;Beleid Europese Commissie, Productiviteitsagenda;NA;Arbeidsproductiviteit verhogen;NA;NA;NA;hoger;Internationale afspraak;FALSE;NA;NA;97,00000000000000;97,00000000000000;Rekenkamer
"Arbeidsproductiviteit (toegevoegde waarde per gewerkt uur; index, 2021 = 100)";2021;Economie & Arbeidsmarkt;NA;CBS;een hogere indexscore is beter;Beleid Europese Commissie, Productiviteitsagenda;NA;Arbeidsproductiviteit verhogen;NA;NA;NA;hoger;Internationale afspraak;FALSE;NA;NA;100,00000000000000;100,00000000000000;Rekenkamer
"Arbeidsproductiviteit (toegevoegde waarde per gewerkt uur; index, 2021 = 100)";2022;Economie & Arbeidsmarkt;NA;CBS;een hogere indexscore is beter;Beleid Europese Commissie, Productiviteitsagenda;NA;Arbeidsproductiviteit verhogen;NA;NA;NA;hoger;Internationale afspraak;FALSE;NA;NA;102,00000000000000;102,00000000000000;Rekenkamer
"Arbeidsproductiviteit (toegevoegde waarde per gewerkt uur; index, 2021 = 100)";2023;Economie & Arbeidsmarkt;NA;CBS;een hogere indexscore is beter;Beleid Europese Commissie, Productiviteitsagenda;NA;Arbeidsproductiviteit verhogen;NA;NA;NA;hoger;Internationale afspraak;FALSE;NA;NA;100,00000000000000;100,00000000000000;Rekenkamer
"Arbeidsproductiviteit (toegevoegde waarde per gewerkt uur; index, 2021 = 100)";2024;Economie & Arbeidsmarkt;NA;CBS;een hogere indexscore is beter;Beleid Europese Commissie, Productiviteitsagenda;NA;Arbeidsproductiviteit verhogen;NA;NA;NA;hoger;Internationale afspraak;FALSE;NA;NA;99,90000000000001;99,90000000000001;Rekenkamer
BBP reële groei;2020;Economie & Arbeidsmarkt;NA;CBS;NA;Europese Stabiliteits- en Groeipact;Actief sturen op 1,5% structurele economische groei;NA;NA;NA;NA;hoger;Internationale afspraak;TRUE;NA;NA;-3,90000000000000;-3,90000000000000;Rekenkamer
BBP reële groei;2021;Economie & Arbeidsmarkt;NA;CBS;NA;Europese Stabiliteits- en Groeipact;Actief sturen op 1,5% structurele economische groei;NA;NA;NA;NA;hoger;Internationale afspraak;TRUE;NA;NA;6,30000000000000;6,30000000000000;Rekenkamer
BBP reële groei;2022;Economie & Arbeidsmarkt;NA;CBS;NA;Europese Stabiliteits- en Groeipact;Actief sturen op 1,5% structurele economische groei;NA;NA;NA;NA;hoger;Internationale afspraak;TRUE;NA;NA;5,00000000000000;5,00000000000000;Rekenkamer
BBP reële groei;2023;Economie & Arbeidsmarkt;NA;CBS;NA;Europese Stabiliteits- en Groeipact;Actief sturen op 1,5% structurele economische groei;NA;NA;NA;NA;hoger;Internationale afspraak;TRUE;NA;NA;-0,60000000000000;-0,60000000000000;Rekenkamer
BBP reële groei;2024;Economie & Arbeidsmarkt;NA;CBS;NA;Europese Stabiliteits- en Groeipact;Actief sturen op 1,5% structurele economische groei;NA;NA;NA;NA;hoger;Internationale afspraak;TRUE;NA;NA;1,10000000000000;1,10000000000000;Rekenkamer
"Concurrentiekracht (World Competitiveness Ranking); rang NL binnen Europa";2020;Economie & Arbeidsmarkt;NA;IMD;Hogere rang is beter;Beleid Europese Commissie in navolging rapport Draghi;NA;NA;NA;NA;NA;hoger;Internationale afspraak;FALSE;NA;NA;3,00000000000000;3,00000000000000;Rekenkamer
"Concurrentiekracht (World Competitiveness Ranking); rang NL binnen Europa";2021;Economie & Arbeidsmarkt;NA;IMD;Hogere rang is beter;Beleid Europese Commissie in navolging rapport Draghi;NA;NA;NA;NA;NA;hoger;Internationale afspraak;FALSE;NA;NA;4,00000000000000;4,00000000000000;Rekenkamer
"Concurrentiekracht (World Competitiveness Ranking); rang NL binnen Europa";2022;Economie & Arbeidsmarkt;NA;IMD;Hogere rang is beter;Beleid Europese Commissie in navolging rapport Draghi;NA;NA;NA;NA;NA;hoger;Internationale afspraak;FALSE;NA;NA;4,00000000000000;4,00000000000000;Rekenkamer
"Concurrentiekracht (World Competitiveness Ranking); rang NL binnen Europa";2023;Economie & Arbeidsmarkt;NA;IMD;Hogere rang is beter;Beleid Europese Commissie in navolging rapport Draghi;NA;NA;NA;NA;NA;hoger;Internationale afspraak;FALSE;NA;NA;4,00000000000000;4,00000000000000;Rekenkamer
"Concurrentiekracht (World Competitiveness Ranking); rang NL binnen Europa";2024;Economie & Arbeidsmarkt;NA;IMD;Hogere rang is beter;Beleid Europese Commissie in navolging rapport Draghi;NA;NA;NA;NA;NA;hoger;Internationale afspraak;FALSE;NA;NA;5,00000000000000;5,00000000000000;Rekenkamer
"Concurrentiekracht (World Competitiveness Ranking); rang NL binnen Europa";2025;Economie & Arbeidsmarkt;NA;IMD;Hogere rang is beter;Beleid Europese Commissie in navolging rapport Draghi;NA;NA;NA;NA;NA;hoger;Internationale afspraak;FALSE;NA;NA;5,00000000000000;5,00000000000000;Rekenkamer
Netto arbeidsparticipatie (% 15-75-jarigen met betaald werk);2020;Economie & Arbeidsmarkt;NA;CBS;een hoger % is beter;Participatiewet;NA;NA;NA;NA;NA;hoger;Wet of verdrag;FALSE;NA;NA;69,59999999999999;69,59999999999999;Rekenkamer
Netto arbeidsparticipatie (% 15-75-jarigen met betaald werk);2021;Economie & Arbeidsmarkt;NA;CBS;een hoger % is beter;Participatiewet;NA;NA;NA;NA;NA;hoger;Wet of verdrag;FALSE;NA;NA;70,40000000000001;70,40000000000001;Rekenkamer
Netto arbeidsparticipatie (% 15-75-jarigen met betaald werk);2022;Economie & Arbeidsmarkt;NA;CBS;een hoger % is beter;Participatiewet;NA;NA;NA;NA;NA;hoger;Wet of verdrag;FALSE;NA;NA;72,20000000000000;72,20000000000000;Rekenkamer
Netto arbeidsparticipatie (% 15-75-jarigen met betaald werk);2023;Economie & Arbeidsmarkt;NA;CBS;een hoger % is beter;Participatiewet;NA;NA;NA;NA;NA;hoger;Wet of verdrag;FALSE;NA;NA;73,09999999999999;73,09999999999999;Rekenkamer
Netto arbeidsparticipatie (% 15-75-jarigen met betaald werk);2024;Economie & Arbeidsmarkt;NA;CBS;een hoger % is beter;Participatiewet;NA;NA;NA;NA;NA;hoger;Wet of verdrag;FALSE;NA;NA;73,20000000000000;73,20000000000000;Rekenkamer
Netto arbeidsparticipatie (% 15-75-jarigen met betaald werk);2025;Economie & Arbeidsmarkt;NA;CBS;een hoger % is beter;Participatiewet;NA;NA;NA;NA;NA;hoger;Wet of verdrag;FALSE;NA;NA;73,20000000000000;73,20000000000000;Rekenkamer
R en D uitgaven (% BBP);2013;Economie & Arbeidsmarkt;% BBP;CBS StatLine 84644NED;0.03;EU Lissabondoelstelling, vastgelegd in Europe 2020 strategy;Bewegen richting Lissabon-doelstelling van 3%;NA;3,0;NA;NA;hoger;Internationale afspraak;TRUE;2,5;Nederlands doel (2,5% sinds 2011, EZLI);NA;2,14000000000000;CBS
R en D uitgaven (% BBP);2014;Economie & Arbeidsmarkt;% BBP;CBS StatLine 84644NED;0.03;EU Lissabondoelstelling, vastgelegd in Europe 2020 strategy;Bewegen richting Lissabon-doelstelling van 3%;NA;3,0;NA;NA;hoger;Internationale afspraak;TRUE;2,5;Nederlands doel (2,5% sinds 2011, EZLI);NA;2,15000000000000;CBS
R en D uitgaven (% BBP);2015;Economie & Arbeidsmarkt;% BBP;CBS StatLine 84644NED;0.03;EU Lissabondoelstelling, vastgelegd in Europe 2020 strategy;Bewegen richting Lissabon-doelstelling van 3%;NA;3,0;NA;NA;hoger;Internationale afspraak;TRUE;2,5;Nederlands doel (2,5% sinds 2011, EZLI);NA;2,12000000000000;CBS
R en D uitgaven (% BBP);2016;Economie & Arbeidsmarkt;% BBP;CBS StatLine 84644NED;0.03;EU Lissabondoelstelling, vastgelegd in Europe 2020 strategy;Bewegen richting Lissabon-doelstelling van 3%;NA;3,0;NA;NA;hoger;Internationale afspraak;TRUE;2,5;Nederlands doel (2,5% sinds 2011, EZLI);NA;2,12000000000000;CBS
R en D uitgaven (% BBP);2017;Economie & Arbeidsmarkt;% BBP;CBS StatLine 84644NED;0.03;EU Lissabondoelstelling, vastgelegd in Europe 2020 strategy;Bewegen richting Lissabon-doelstelling van 3%;NA;3,0;NA;NA;hoger;Internationale afspraak;TRUE;2,5;Nederlands doel (2,5% sinds 2011, EZLI);NA;2,14000000000000;CBS
R en D uitgaven (% BBP);2018;Economie & Arbeidsmarkt;% BBP;CBS StatLine 84644NED;0.03;EU Lissabondoelstelling, vastgelegd in Europe 2020 strategy;Bewegen richting Lissabon-doelstelling van 3%;NA;3,0;NA;NA;hoger;Internationale afspraak;TRUE;2,5;Nederlands doel (2,5% sinds 2011, EZLI);NA;2,10000000000000;CBS
R en D uitgaven (% BBP);2019;Economie & Arbeidsmarkt;% BBP;CBS StatLine 84644NED;0.03;EU Lissabondoelstelling, vastgelegd in Europe 2020 strategy;Bewegen richting Lissabon-doelstelling van 3%;NA;3,0;NA;NA;hoger;Internationale afspraak;TRUE;2,5;Nederlands doel (2,5% sinds 2011, EZLI);NA;2,14000000000000;CBS
R en D uitgaven (% BBP);2020;Economie & Arbeidsmarkt;% BBP;CBS StatLine 84644NED;0.03;EU Lissabondoelstelling, vastgelegd in Europe 2020 strategy;Bewegen richting Lissabon-doelstelling van 3%;NA;3,0;NA;NA;hoger;Internationale afspraak;TRUE;2,5;Nederlands doel (2,5% sinds 2011, EZLI);2,27000000000000;2,27000000000000;CBS
R en D uitgaven (% BBP);2021;Economie & Arbeidsmarkt;% BBP;CBS StatLine 84644NED;0.03;EU Lissabondoelstelling, vastgelegd in Europe 2020 strategy;Bewegen richting Lissabon-doelstelling van 3%;NA;3,0;NA;NA;hoger;Internationale afspraak;TRUE;2,5;Nederlands doel (2,5% sinds 2011, EZLI);2,22000000000000;2,22000000000000;CBS
R en D uitgaven (% BBP);2022;Economie & Arbeidsmarkt;% BBP;CBS StatLine 84644NED;0.03;EU Lissabondoelstelling, vastgelegd in Europe 2020 strategy;Bewegen richting Lissabon-doelstelling van 3%;NA;3,0;NA;NA;hoger;Internationale afspraak;TRUE;2,5;Nederlands doel (2,5% sinds 2011, EZLI);2,18000000000000;2,18000000000000;CBS
R en D uitgaven (% BBP);2023;Economie & Arbeidsmarkt;% BBP;CBS StatLine 84644NED;0.03;EU Lissabondoelstelling, vastgelegd in Europe 2020 strategy;Bewegen richting Lissabon-doelstelling van 3%;NA;3,0;NA;NA;hoger;Internationale afspraak;TRUE;2,5;Nederlands doel (2,5% sinds 2011, EZLI);2,30000000000000;2,30000000000000;CBS
R en D uitgaven (% BBP);2024;Economie & Arbeidsmarkt;% BBP;CBS StatLine 84644NED;0.03;EU Lissabondoelstelling, vastgelegd in Europe 2020 strategy;Bewegen richting Lissabon-doelstelling van 3%;NA;3,0;NA;NA;hoger;Internationale afspraak;TRUE;2,5;Nederlands doel (2,5% sinds 2011, EZLI);2,29000000000000;2,36000000000000;CBS
Werkloosheid (% werkzoekenden 15-75 jaar die direct beschikbaar zijn als percentage van beroepsbevolking);2020;Economie & Arbeidsmarkt;NA;CBS;een lager % is beter;Europese intitatieven uit Europees Parlement: Europese Werkgelegenheidsstrategie;NA;NA;NA;NA;NA;lager;Internationale afspraak;FALSE;NA;NA;4,80000000000000;4,80000000000000;Rekenkamer
Werkloosheid (% werkzoekenden 15-75 jaar die direct beschikbaar zijn als percentage van beroepsbevolking);2021;Economie & Arbeidsmarkt;NA;CBS;een lager % is beter;Europese intitatieven uit Europees Parlement: Europese Werkgelegenheidsstrategie;NA;NA;NA;NA;NA;lager;Internationale afspraak;FALSE;NA;NA;4,20000000000000;4,20000000000000;Rekenkamer
Werkloosheid (% werkzoekenden 15-75 jaar die direct beschikbaar zijn als percentage van beroepsbevolking);2022;Economie & Arbeidsmarkt;NA;CBS;een lager % is beter;Europese intitatieven uit Europees Parlement: Europese Werkgelegenheidsstrategie;NA;NA;NA;NA;NA;lager;Internationale afspraak;FALSE;NA;NA;3,50000000000000;3,50000000000000;Rekenkamer
Werkloosheid (% werkzoekenden 15-75 jaar die direct beschikbaar zijn als percentage van beroepsbevolking);2023;Economie & Arbeidsmarkt;NA;CBS;een lager % is beter;Europese intitatieven uit Europees Parlement: Europese Werkgelegenheidsstrategie;NA;NA;NA;NA;NA;lager;Internationale afspraak;FALSE;NA;NA;3,60000000000000;3,60000000000000;Rekenkamer
Werkloosheid (% werkzoekenden 15-75 jaar die direct beschikbaar zijn als percentage van beroepsbevolking);2024;Economie & Arbeidsmarkt;NA;CBS;een lager % is beter;Europese intitatieven uit Europees Parlement: Europese Werkgelegenheidsstrategie;NA;NA;NA;NA;NA;lager;Internationale afspraak;FALSE;NA;NA;3,70000000000000;3,70000000000000;Rekenkamer
Werkloosheid (% werkzoekenden 15-75 jaar die direct beschikbaar zijn als percentage van beroepsbevolking);2025;Economie & Arbeidsmarkt;NA;CBS;een lager % is beter;Europese intitatieven uit Europees Parlement: Europese Werkgelegenheidsstrategie;NA;NA;NA;NA;NA;lager;Internationale afspraak;FALSE;NA;NA;3,90000000000000;3,90000000000000;Rekenkamer
Ervaren discriminatie (% personen 15+);2021;Gelijkheid/non-discriminatie;% personen 15+;CBS Veiligheidsmonitor;Hoe lager, hoe beter;Arikel 1 van de Grondwet, Algemene wet gelijke behandeling (AWGB), artikel 137 Wetboek van Strafrecht;NA;We versterken de rol van de Nationaal Coördinator Discriminatie en Racisme en de Nationaal coördinator Antisemitismebestrijding door hun werk wettelijk te verankeren;NA;NA;NA;lager;Wet of verdrag;FALSE;NA;NA;11,20000000000000;11,20000000000000;Rekenkamer
Ervaren discriminatie (% personen 15+);2023;Gelijkheid/non-discriminatie;% personen 15+;CBS Veiligheidsmonitor;Hoe lager, hoe beter;Arikel 1 van de Grondwet, Algemene wet gelijke behandeling (AWGB), artikel 137 Wetboek van Strafrecht;NA;We versterken de rol van de Nationaal Coördinator Discriminatie en Racisme en de Nationaal coördinator Antisemitismebestrijding door hun werk wettelijk te verankeren;NA;NA;NA;lager;Wet of verdrag;FALSE;NA;NA;10,80000000000000;10,80000000000000;Rekenkamer
Ervaren discriminatie (% personen 15+);2025;Gelijkheid/non-discriminatie;% personen 15+;CBS Veiligheidsmonitor;Hoe lager, hoe beter;Arikel 1 van de Grondwet, Algemene wet gelijke behandeling (AWGB), artikel 137 Wetboek van Strafrecht;NA;We versterken de rol van de Nationaal Coördinator Discriminatie en Racisme en de Nationaal coördinator Antisemitismebestrijding door hun werk wettelijk te verankeren;NA;NA;NA;lager;Wet of verdrag;FALSE;NA;NA;12,00000000000000;12,00000000000000;Rekenkamer
Gender-equality index (rang);2025;Gelijkheid/non-discriminatie;rang;EIGE;Een hogere positie (lager getal) is beter;VN-Vrouwenverdrag (CEDAW) en het Verdrag van Istanbul;NA;We blijven werken aan de gelijkwaardige positie van vrouwen in onze samenleving;NA;NA;NA;lager;Wet of verdrag;FALSE;NA;NA;5,00000000000000;5,00000000000000;Rekenkamer
Gender-equality index (score);2020;Gelijkheid/non-discriminatie;score;EIGE;Hoe hoger, hoe beter;VN-Vrouwenverdrag (CEDAW) en het Verdrag van Istanbul;NA;We blijven werken aan de gelijkwaardige positie van vrouwen in onze samenleving;NA;NA;NA;hoger;Wet of verdrag;FALSE;NA;NA;64,70000000000000;64,70000000000000;Rekenkamer
Gender-equality index (score);2025;Gelijkheid/non-discriminatie;score;EIGE;Hoe hoger, hoe beter;VN-Vrouwenverdrag (CEDAW) en het Verdrag van Istanbul;NA;We blijven werken aan de gelijkwaardige positie van vrouwen in onze samenleving;NA;NA;NA;hoger;Wet of verdrag;FALSE;NA;NA;69,50000000000000;69,50000000000000;Rekenkamer
Inkomensongelijkheid (Gini-coëfficiënt);2020;Gelijkheid/non-discriminatie;Gini-coëfficiënt;CBS;Hoe lager, hoe beter;Duurzame Ontwikkelingsdoelen (SDG’s) van de Verenigde Naties voor de periode 2015-2030 (nr. 10);NA;NA;NA;NA;NA;lager;Overig;FALSE;NA;NA;0,29200000000000;0,29200000000000;Rekenkamer
Inkomensongelijkheid (Gini-coëfficiënt);2021;Gelijkheid/non-discriminatie;Gini-coëfficiënt;CBS;Hoe lager, hoe beter;Duurzame Ontwikkelingsdoelen (SDG’s) van de Verenigde Naties voor de periode 2015-2030 (nr. 10);NA;NA;NA;NA;NA;lager;Overig;FALSE;NA;NA;0,29200000000000;0,29200000000000;Rekenkamer
Inkomensongelijkheid (Gini-coëfficiënt);2022;Gelijkheid/non-discriminatie;Gini-coëfficiënt;CBS;Hoe lager, hoe beter;Duurzame Ontwikkelingsdoelen (SDG’s) van de Verenigde Naties voor de periode 2015-2030 (nr. 10);NA;NA;NA;NA;NA;lager;Overig;FALSE;NA;NA;0,28800000000000;0,28800000000000;Rekenkamer
Inkomensongelijkheid (Gini-coëfficiënt);2023;Gelijkheid/non-discriminatie;Gini-coëfficiënt;CBS;Hoe lager, hoe beter;Duurzame Ontwikkelingsdoelen (SDG’s) van de Verenigde Naties voor de periode 2015-2030 (nr. 10);NA;NA;NA;NA;NA;lager;Overig;FALSE;NA;NA;0,31500000000000;0,31500000000000;Rekenkamer
Inkomensongelijkheid (Gini-coëfficiënt);2024;Gelijkheid/non-discriminatie;Gini-coëfficiënt;CBS;Hoe lager, hoe beter;Duurzame Ontwikkelingsdoelen (SDG’s) van de Verenigde Naties voor de periode 2015-2030 (nr. 10);NA;NA;NA;NA;NA;lager;Overig;FALSE;NA;NA;0,30800000000000;0,30800000000000;Rekenkamer
Loonkloof man/vrouw (inkomen vrouwen als % van inkomen mannen);2020;Gelijkheid/non-discriminatie;NA;CBS;Een hoger % is beter;Wet Loontransparantie (2026);NA;NA;NA;NA;NA;hoger;Wet of verdrag;FALSE;NA;NA;86,30000000000000;86,30000000000000;Rekenkamer
Loonkloof man/vrouw (inkomen vrouwen als % van inkomen mannen);2021;Gelijkheid/non-discriminatie;NA;CBS;Een hoger % is beter;Wet Loontransparantie (2026);NA;NA;NA;NA;NA;hoger;Wet of verdrag;FALSE;NA;NA;86,80000000000000;86,80000000000000;Rekenkamer
Loonkloof man/vrouw (inkomen vrouwen als % van inkomen mannen);2022;Gelijkheid/non-discriminatie;NA;CBS;Een hoger % is beter;Wet Loontransparantie (2026);NA;NA;NA;NA;NA;hoger;Wet of verdrag;FALSE;NA;NA;87,30000000000000;87,30000000000000;Rekenkamer
Loonkloof man/vrouw (inkomen vrouwen als % van inkomen mannen);2023;Gelijkheid/non-discriminatie;NA;CBS;Een hoger % is beter;Wet Loontransparantie (2026);NA;NA;NA;NA;NA;hoger;Wet of verdrag;FALSE;NA;NA;88,00000000000000;88,00000000000000;Rekenkamer
Loonkloof man/vrouw (inkomen vrouwen als % van inkomen mannen);2024;Gelijkheid/non-discriminatie;NA;CBS;Een hoger % is beter;Wet Loontransparantie (2026);NA;NA;NA;NA;NA;hoger;Wet of verdrag;FALSE;NA;NA;89,30000000000000;89,30000000000000;Rekenkamer
Loonkloof man/vrouw (inkomen vrouwen als % van inkomen mannen);2025;Gelijkheid/non-discriminatie;NA;CBS;Een hoger % is beter;Wet Loontransparantie (2026);NA;NA;NA;NA;NA;hoger;Wet of verdrag;FALSE;NA;NA;90,30000000000000;90,30000000000000;Rekenkamer
Vermogensongelijkheid (Gini-coëfficiënt);2020;Gelijkheid/non-discriminatie;Gini-coëfficiënt;CBS;Hoe lager, hoe beter;Duurzame Ontwikkelingsdoelen (SDG’s) van de Verenigde Naties voor de periode 2015-2030 (nr. 10);NA;NA;NA;NA;NA;lager;Overig;FALSE;NA;NA;0,76600000000000;0,76600000000000;Rekenkamer
Vermogensongelijkheid (Gini-coëfficiënt);2021;Gelijkheid/non-discriminatie;Gini-coëfficiënt;CBS;Hoe lager, hoe beter;Duurzame Ontwikkelingsdoelen (SDG’s) van de Verenigde Naties voor de periode 2015-2030 (nr. 10);NA;NA;NA;NA;NA;lager;Overig;FALSE;NA;NA;0,74000000000000;0,74000000000000;Rekenkamer
Vermogensongelijkheid (Gini-coëfficiënt);2022;Gelijkheid/non-discriminatie;Gini-coëfficiënt;CBS;Hoe lager, hoe beter;Duurzame Ontwikkelingsdoelen (SDG’s) van de Verenigde Naties voor de periode 2015-2030 (nr. 10);NA;NA;NA;NA;NA;lager;Overig;FALSE;NA;NA;0,71900000000000;0,71900000000000;Rekenkamer
Vermogensongelijkheid (Gini-coëfficiënt);2023;Gelijkheid/non-discriminatie;Gini-coëfficiënt;CBS;Hoe lager, hoe beter;Duurzame Ontwikkelingsdoelen (SDG’s) van de Verenigde Naties voor de periode 2015-2030 (nr. 10);NA;NA;NA;NA;NA;lager;Overig;FALSE;NA;NA;0,72800000000000;0,72800000000000;Rekenkamer
Vermogensongelijkheid (Gini-coëfficiënt);2024;Gelijkheid/non-discriminatie;Gini-coëfficiënt;CBS;Hoe lager, hoe beter;Duurzame Ontwikkelingsdoelen (SDG’s) van de Verenigde Naties voor de periode 2015-2030 (nr. 10);NA;NA;NA;NA;NA;lager;Overig;FALSE;NA;NA;0,72500000000000;0,72500000000000;Rekenkamer
Verschil (in jaren) gezonde levensverwachting tussen hoogste en laagste inkomenskwintiel (mannen);2020;Gelijkheid/non-discriminatie;mannen;CBS/RIVM;Hoe lager/kleiner, hoe beter;Nationaal Preventieakkoord 2018;NA;NA;NA;NA;NA;lager;Beleidsafspraak;FALSE;NA;NA;22,70000000000000;22,70000000000000;Rekenkamer
Verschil (in jaren) gezonde levensverwachting tussen hoogste en laagste inkomenskwintiel (mannen);2022;Gelijkheid/non-discriminatie;mannen;CBS/RIVM;Hoe lager/kleiner, hoe beter;Nationaal Preventieakkoord 2018;NA;NA;NA;NA;NA;lager;Beleidsafspraak;FALSE;NA;NA;20,80000000000000;20,80000000000000;Rekenkamer
Verschil (in jaren) gezonde levensverwachting tussen hoogste en laagste inkomenskwintiel (vrouwen);2020;Gelijkheid/non-discriminatie;vrouwen;CBS/RIVM;Hoe lager/kleiner, hoe beter;Nationaal Preventieakkoord 2018;NA;NA;NA;NA;NA;lager;Beleidsafspraak;FALSE;NA;NA;21,60000000000000;21,60000000000000;Rekenkamer
Verschil (in jaren) gezonde levensverwachting tussen hoogste en laagste inkomenskwintiel (vrouwen);2022;Gelijkheid/non-discriminatie;vrouwen;CBS/RIVM;Hoe lager/kleiner, hoe beter;Nationaal Preventieakkoord 2018;NA;NA;NA;NA;NA;lager;Beleidsafspraak;FALSE;NA;NA;21,70000000000000;21,70000000000000;Rekenkamer
Aantallen vroegtijdig schoolverlaters (12-23 jaar);2020;Kennis & Vaardigheden;12-23 jaar;CBS;Maximum 2026: 18.000;Wet educatie en beroepsonderwijs, Wet op hoger onderwijs en wetenschappelijk onderzoek;NA;NA;18000,0;2026;NA;lager;Wet of verdrag;FALSE;NA;NA;26360,00000000000000;26360,00000000000000;Rekenkamer
Aantallen vroegtijdig schoolverlaters (12-23 jaar);2021;Kennis & Vaardigheden;12-23 jaar;CBS;Maximum 2026: 18.000;Wet educatie en beroepsonderwijs, Wet op hoger onderwijs en wetenschappelijk onderzoek;NA;NA;18000,0;2026;NA;lager;Wet of verdrag;FALSE;NA;NA;28790,00000000000000;28790,00000000000000;Rekenkamer
Aantallen vroegtijdig schoolverlaters (12-23 jaar);2022;Kennis & Vaardigheden;12-23 jaar;CBS;Maximum 2026: 18.000;Wet educatie en beroepsonderwijs, Wet op hoger onderwijs en wetenschappelijk onderzoek;NA;NA;18000,0;2026;NA;lager;Wet of verdrag;FALSE;NA;NA;35840,00000000000000;35840,00000000000000;Rekenkamer
Aantallen vroegtijdig schoolverlaters (12-23 jaar);2023;Kennis & Vaardigheden;12-23 jaar;CBS;Maximum 2026: 18.000;Wet educatie en beroepsonderwijs, Wet op hoger onderwijs en wetenschappelijk onderzoek;NA;NA;18000,0;2026;NA;lager;Wet of verdrag;FALSE;NA;NA;35670,00000000000000;35670,00000000000000;Rekenkamer
Aantallen vroegtijdig schoolverlaters (12-23 jaar);2024;Kennis & Vaardigheden;12-23 jaar;CBS;Maximum 2026: 18.000;Wet educatie en beroepsonderwijs, Wet op hoger onderwijs en wetenschappelijk onderzoek;NA;NA;18000,0;2026;NA;lager;Wet of verdrag;FALSE;NA;NA;34210,00000000000000;34210,00000000000000;Rekenkamer
Minimaal digitale basisvaardigheden (% personen > 12 jaar);2021;Kennis & Vaardigheden;% personen > 12 jaar;CBS;Doel 2030: 80%;Europees beleid: The Digital Decade;NA;We scholen jonge mensen in cybersecurity- en digitale vaardigheden;80,0;2030;NA;hoger;Internationale afspraak;FALSE;NA;NA;74,30000000000000;74,30000000000000;Rekenkamer
Minimaal digitale basisvaardigheden (% personen > 12 jaar);2023;Kennis & Vaardigheden;% personen > 12 jaar;CBS;Doel 2030: 80%;Europees beleid: The Digital Decade;NA;We scholen jonge mensen in cybersecurity- en digitale vaardigheden;80,0;2030;NA;hoger;Internationale afspraak;FALSE;NA;NA;78,70000000000000;78,70000000000000;Rekenkamer
PIAAC-scores probleemoplossend vermogen;2012;Kennis & Vaardigheden;NA;OECD;een hogere score is beter;"Wet educatie en beroepsonderwijs; Wet op hoger onderwijs en wetenschappelijk onderzoek";NA;NA;NA;NA;NA;hoger;Wet of verdrag;FALSE;NA;NA;286,00000000000000;286,00000000000000;Rekenkamer
PIAAC-scores probleemoplossend vermogen;2023;Kennis & Vaardigheden;NA;OECD;een hogere score is beter;"Wet educatie en beroepsonderwijs; Wet op hoger onderwijs en wetenschappelijk onderzoek";NA;NA;NA;NA;NA;hoger;Wet of verdrag;FALSE;NA;NA;265,00000000000000;265,00000000000000;Rekenkamer
PIAAC-scores rekenvaardigheid;2012;Kennis & Vaardigheden;NA;OECD;een hogere score is beter;"Wet educatie en beroepsonderwijs; Wet op hoger onderwijs en wetenschappelijk onderzoek";NA;NA;NA;NA;NA;hoger;Wet of verdrag;FALSE;NA;NA;288,00000000000000;288,00000000000000;Rekenkamer
PIAAC-scores rekenvaardigheid;2023;Kennis & Vaardigheden;NA;OECD;een hogere score is beter;"Wet educatie en beroepsonderwijs; Wet op hoger onderwijs en wetenschappelijk onderzoek";NA;NA;NA;NA;NA;hoger;Wet of verdrag;FALSE;NA;NA;284,00000000000000;284,00000000000000;Rekenkamer
PIAAC-scores taalvaardigheid;2012;Kennis & Vaardigheden;NA;OECD;een hogere score is beter;"Wet educatie en beroepsonderwijs; Wet op hoger onderwijs en wetenschappelijk onderzoek";NA;NA;NA;NA;NA;hoger;Wet of verdrag;FALSE;NA;NA;284,00000000000000;284,00000000000000;Rekenkamer
PIAAC-scores taalvaardigheid;2023;Kennis & Vaardigheden;NA;OECD;een hogere score is beter;"Wet educatie en beroepsonderwijs; Wet op hoger onderwijs en wetenschappelijk onderzoek";NA;NA;NA;NA;NA;hoger;Wet of verdrag;FALSE;NA;NA;279,00000000000000;279,00000000000000;Rekenkamer
PISA-scores lezen;2018;Kennis & Vaardigheden;NA;OECD;een hogere score is beter;"Wet op primair onderwijs; Wet op voorgezet onderwijs 2020";NA;Gericht investeren in lezen, schrijven en rekenen;NA;NA;NA;hoger;Wet of verdrag;FALSE;NA;NA;485,00000000000000;485,00000000000000;Rekenkamer
PISA-scores lezen;2022;Kennis & Vaardigheden;NA;OECD;een hogere score is beter;"Wet op primair onderwijs; Wet op voorgezet onderwijs 2020";NA;Gericht investeren in lezen, schrijven en rekenen;NA;NA;NA;hoger;Wet of verdrag;FALSE;NA;NA;459,00000000000000;459,00000000000000;Rekenkamer
PISA-scores science;2018;Kennis & Vaardigheden;NA;OECD;een hogere score is beter;"Wet op primair onderwijs; Wet op voorgezet onderwijs 2021";NA;Gericht investeren in lezen, schrijven en rekenen;NA;NA;NA;hoger;Wet of verdrag;FALSE;NA;NA;503,00000000000000;503,00000000000000;Rekenkamer
PISA-scores science;2022;Kennis & Vaardigheden;NA;OECD;een hogere score is beter;"Wet op primair onderwijs; Wet op voorgezet onderwijs 2021";NA;Gericht investeren in lezen, schrijven en rekenen;NA;NA;NA;hoger;Wet of verdrag;FALSE;NA;NA;488,00000000000000;488,00000000000000;Rekenkamer
PISA-scores wiskunde;2018;Kennis & Vaardigheden;NA;OECD;een hogere score is beter;"Wet op primair onderwijs; Wet op voorgezet onderwijs 2020";NA;Gericht investeren in lezen, schrijven en rekenen;NA;NA;NA;hoger;Wet of verdrag;FALSE;NA;NA;519,00000000000000;519,00000000000000;Rekenkamer
PISA-scores wiskunde;2022;Kennis & Vaardigheden;NA;OECD;een hogere score is beter;"Wet op primair onderwijs; Wet op voorgezet onderwijs 2020";NA;Gericht investeren in lezen, schrijven en rekenen;NA;NA;NA;hoger;Wet of verdrag;FALSE;NA;NA;493,00000000000000;493,00000000000000;Rekenkamer
Aandeel Natura 2000 dat voldoende onder de Kritische DepositieWaarde (KDW) zit;2020;Klimaat en Milieu;NA;RIVM/PBL/CLO;"Doel 2030: 50%; 2035: 74%";Wet stikstofreductie en natuurverbetering;NA;Aanpak om stikstof te reduceren richt zich met name op de meest stikstofgevoelige Natura 2000-gebieden die nog niet onder de norm zitten;50,0;2030;2035: 74;hoger;Wet of verdrag;FALSE;NA;NA;28,60000000000000;28,60000000000000;Rekenkamer
Aandeel Natura 2000 dat voldoende onder de Kritische DepositieWaarde (KDW) zit;2021;Klimaat en Milieu;NA;RIVM/PBL/CLO;"Doel 2030: 50%; 2035: 74%";Wet stikstofreductie en natuurverbetering;NA;Aanpak om stikstof te reduceren richt zich met name op de meest stikstofgevoelige Natura 2000-gebieden die nog niet onder de norm zitten;50,0;2030;2035: 74;hoger;Wet of verdrag;FALSE;NA;NA;28,70000000000000;28,70000000000000;Rekenkamer
Aandeel Natura 2000 dat voldoende onder de Kritische DepositieWaarde (KDW) zit;2022;Klimaat en Milieu;NA;RIVM/PBL/CLO;"Doel 2030: 50%; 2035: 74%";Wet stikstofreductie en natuurverbetering;NA;Aanpak om stikstof te reduceren richt zich met name op de meest stikstofgevoelige Natura 2000-gebieden die nog niet onder de norm zitten;50,0;2030;2035: 74;hoger;Wet of verdrag;FALSE;NA;NA;31,50000000000000;31,50000000000000;Rekenkamer
Aandeel Natura 2000 dat voldoende onder de Kritische DepositieWaarde (KDW) zit;2023;Klimaat en Milieu;NA;RIVM/PBL/CLO;"Doel 2030: 50%; 2035: 74%";Wet stikstofreductie en natuurverbetering;NA;Aanpak om stikstof te reduceren richt zich met name op de meest stikstofgevoelige Natura 2000-gebieden die nog niet onder de norm zitten;50,0;2030;2035: 74;hoger;Wet of verdrag;FALSE;NA;NA;30,50000000000000;30,50000000000000;Rekenkamer
Aandeel Natura 2000 dat voldoende onder de Kritische DepositieWaarde (KDW) zit;2024;Klimaat en Milieu;NA;RIVM/PBL/CLO;"Doel 2030: 50%; 2035: 74%";Wet stikstofreductie en natuurverbetering;NA;Aanpak om stikstof te reduceren richt zich met name op de meest stikstofgevoelige Natura 2000-gebieden die nog niet onder de norm zitten;50,0;2030;2035: 74;hoger;Wet of verdrag;FALSE;NA;NA;29,30000000000000;29,30000000000000;Rekenkamer
Aandeel Natura 2000 dat voldoende onder de Kritische DepositieWaarde (KDW) zit;2025;Klimaat en Milieu;NA;RIVM/PBL/CLO;"Doel 2030: 50%; 2035: 74%";Wet stikstofreductie en natuurverbetering;NA;Aanpak om stikstof te reduceren richt zich met name op de meest stikstofgevoelige Natura 2000-gebieden die nog niet onder de norm zitten;50,0;2030;2035: 74;hoger;Wet of verdrag;FALSE;NA;NA;29,90000000000000;29,90000000000000;Rekenkamer
Ammoniak-uitstoot (NH3) (industrie);2020;Klimaat en Milieu;industrie;RIVM;2035: 0,7;Wet stikstofreductie en natuurverbetering;2035: 50% NH3 t.o.v. 2019;NA;0,7;2035;NA;lager;Wet of verdrag;TRUE;NA;NA;1,57338668037274;1,57338668037274;Rekenkamer
Ammoniak-uitstoot (NH3) (industrie);2021;Klimaat en Milieu;industrie;RIVM;2035: 0,7;Wet stikstofreductie en natuurverbetering;2035: 50% NH3 t.o.v. 2019;NA;0,7;2035;NA;lager;Wet of verdrag;TRUE;NA;NA;1,48963917575096;1,48963917575096;Rekenkamer
Ammoniak-uitstoot (NH3) (industrie);2022;Klimaat en Milieu;industrie;RIVM;2035: 0,7;Wet stikstofreductie en natuurverbetering;2035: 50% NH3 t.o.v. 2019;NA;0,7;2035;NA;lager;Wet of verdrag;TRUE;NA;NA;1,26376943927973;1,26376943927973;Rekenkamer
Ammoniak-uitstoot (NH3) (industrie);2023;Klimaat en Milieu;industrie;RIVM;2035: 0,7;Wet stikstofreductie en natuurverbetering;2035: 50% NH3 t.o.v. 2019;NA;0,7;2035;NA;lager;Wet of verdrag;TRUE;NA;NA;1,12723086051970;1,12723086051970;Rekenkamer
Ammoniak-uitstoot (NH3) (industrie);2024;Klimaat en Milieu;industrie;RIVM;2035: 0,7;Wet stikstofreductie en natuurverbetering;2035: 50% NH3 t.o.v. 2019;NA;0,7;2035;NA;lager;Wet of verdrag;TRUE;NA;NA;1,04682024715856;1,04682024715856;Rekenkamer
Ammoniak-uitstoot (NH3) (landbouw);2020;Klimaat en Milieu;landbouw;RIVM;2035: 62,6 (42%);Wet stikstofreductie en natuurverbetering;2035: 42%-46% NH3 t.o.v. 2019;NA;62,6;2035;NA;lager;Wet of verdrag;TRUE;NA;NA;107,42000000000000;107,42000000000000;Rekenkamer
Ammoniak-uitstoot (NH3) (landbouw);2021;Klimaat en Milieu;landbouw;RIVM;2035: 62,6 (42%);Wet stikstofreductie en natuurverbetering;2035: 42%-46% NH3 t.o.v. 2019;NA;62,6;2035;NA;lager;Wet of verdrag;TRUE;NA;NA;105,73581107047768;105,73581107047768;Rekenkamer
Ammoniak-uitstoot (NH3) (landbouw);2022;Klimaat en Milieu;landbouw;RIVM;2035: 62,6 (42%);Wet stikstofreductie en natuurverbetering;2035: 42%-46% NH3 t.o.v. 2019;NA;62,6;2035;NA;lager;Wet of verdrag;TRUE;NA;NA;103,50218464411716;103,50218464411716;Rekenkamer
Ammoniak-uitstoot (NH3) (landbouw);2023;Klimaat en Milieu;landbouw;RIVM;2035: 62,6 (42%);Wet stikstofreductie en natuurverbetering;2035: 42%-46% NH3 t.o.v. 2019;NA;62,6;2035;NA;lager;Wet of verdrag;TRUE;NA;NA;99,39665632095526;99,39665632095526;Rekenkamer
Ammoniak-uitstoot (NH3) (landbouw);2024;Klimaat en Milieu;landbouw;RIVM;2035: 62,6 (42%);Wet stikstofreductie en natuurverbetering;2035: 42%-46% NH3 t.o.v. 2019;NA;62,6;2035;NA;lager;Wet of verdrag;TRUE;NA;NA;94,91391867069437;94,91391867069437;Rekenkamer
Broeikasgasemissies (CO2-eq. Mton);2020;Klimaat en Milieu;CO2-eq. Mton;CBS;2040: -90% t.o.v. 1990 = 22,7;Akkoord van Parijs en EU en Nationale Klimaatwet;90% in 2040 t.o.v. 1990;NA;22,7;2040;NA;lager;Wet of verdrag;TRUE;NA;NA;167,80000000000001;167,80000000000001;Rekenkamer
Broeikasgasemissies (CO2-eq. Mton);2021;Klimaat en Milieu;CO2-eq. Mton;CBS;2040: -90% t.o.v. 1990 = 22,7;Akkoord van Parijs en EU en Nationale Klimaatwet;90% in 2040 t.o.v. 1990;NA;22,7;2040;NA;lager;Wet of verdrag;TRUE;NA;NA;170,80000000000001;170,80000000000001;Rekenkamer
Broeikasgasemissies (CO2-eq. Mton);2022;Klimaat en Milieu;CO2-eq. Mton;CBS;2040: -90% t.o.v. 1990 = 22,7;Akkoord van Parijs en EU en Nationale Klimaatwet;90% in 2040 t.o.v. 1990;NA;22,7;2040;NA;lager;Wet of verdrag;TRUE;NA;NA;155,90000000000001;155,90000000000001;Rekenkamer
Broeikasgasemissies (CO2-eq. Mton);2023;Klimaat en Milieu;CO2-eq. Mton;CBS;2040: -90% t.o.v. 1990 = 22,7;Akkoord van Parijs en EU en Nationale Klimaatwet;90% in 2040 t.o.v. 1990;NA;22,7;2040;NA;lager;Wet of verdrag;TRUE;NA;NA;146,09999999999999;146,09999999999999;Rekenkamer
Broeikasgasemissies (CO2-eq. Mton);2024;Klimaat en Milieu;CO2-eq. Mton;CBS;2040: -90% t.o.v. 1990 = 22,7;Akkoord van Parijs en EU en Nationale Klimaatwet;90% in 2040 t.o.v. 1990;NA;22,7;2040;NA;lager;Wet of verdrag;TRUE;NA;NA;144,40000000000001;144,40000000000001;Rekenkamer
Broeikasgasemissies (CO2-eq. Mton);2025;Klimaat en Milieu;CO2-eq. Mton;CBS;2040: -90% t.o.v. 1990 = 22,7;Akkoord van Parijs en EU en Nationale Klimaatwet;90% in 2040 t.o.v. 1990;NA;22,7;2040;NA;lager;Wet of verdrag;TRUE;NA;NA;145,59999999999999;145,59999999999999;Rekenkamer
Hernieuwbare energie - eindgebruik (%);2020;Klimaat en Milieu;%;CBS;Doel 2030: 39%;Wet implementatie EU-richtlijn hernieuwbare energie;NA;NA;39,0;2030;NA;hoger;Wet of verdrag;FALSE;NA;NA;11,47000000000000;11,47000000000000;Rekenkamer
Hernieuwbare energie - eindgebruik (%);2021;Klimaat en Milieu;%;CBS;Doel 2030: 39%;Wet implementatie EU-richtlijn hernieuwbare energie;NA;NA;39,0;2030;NA;hoger;Wet of verdrag;FALSE;NA;NA;13,12000000000000;13,12000000000000;Rekenkamer
Hernieuwbare energie - eindgebruik (%);2022;Klimaat en Milieu;%;CBS;Doel 2030: 39%;Wet implementatie EU-richtlijn hernieuwbare energie;NA;NA;39,0;2030;NA;hoger;Wet of verdrag;FALSE;NA;NA;15,29000000000000;15,29000000000000;Rekenkamer
Hernieuwbare energie - eindgebruik (%);2023;Klimaat en Milieu;%;CBS;Doel 2030: 39%;Wet implementatie EU-richtlijn hernieuwbare energie;NA;NA;39,0;2030;NA;hoger;Wet of verdrag;FALSE;NA;NA;17,59000000000000;17,59000000000000;Rekenkamer
Hernieuwbare energie - eindgebruik (%);2024;Klimaat en Milieu;%;CBS;Doel 2030: 39%;Wet implementatie EU-richtlijn hernieuwbare energie;NA;NA;39,0;2030;NA;hoger;Wet of verdrag;FALSE;NA;NA;20,18000000000000;20,18000000000000;Rekenkamer
Kwaliteit oppervlaktewater (biologisch) (% van goede kwaliteit));2021;Klimaat en Milieu;NA;CBS;Doel 2027: 100%;Kaderrichtlijn Water;NA;De waterkwaliteit wordt structureel verbeterd;100,0;2027;NA;hoger;Overig;FALSE;NA;NA;13,90000000000000;13,90000000000000;Rekenkamer
Kwaliteit oppervlaktewater (biologisch) (% van goede kwaliteit));2024;Klimaat en Milieu;NA;CBS;Doel 2027: 100%;Kaderrichtlijn Water;NA;De waterkwaliteit wordt structureel verbeterd;100,0;2027;NA;hoger;Overig;FALSE;NA;NA;14,63000000000000;14,63000000000000;Rekenkamer
Kwaliteit oppervlaktewater (chemisch) (% van voldoende kwaliteit));2021;Klimaat en Milieu;NA;CBS;Doel 2027: 100%;Kaderrichtlijn Water;NA;De waterkwaliteit wordt structureel verbeterd;100,0;2027;NA;hoger;Overig;FALSE;NA;NA;9,40000000000000;9,40000000000000;Rekenkamer
Kwaliteit oppervlaktewater (chemisch) (% van voldoende kwaliteit));2024;Klimaat en Milieu;NA;CBS;Doel 2027: 100%;Kaderrichtlijn Water;NA;De waterkwaliteit wordt structureel verbeterd;100,0;2027;NA;hoger;Overig;FALSE;NA;NA;0,67000000000000;0,67000000000000;Rekenkamer
Living Planet Index - NL (fauna het land) (1990 = 100);2020;Klimaat en Milieu;1990 = 100;CBS;een hoger indexgetal is beter;Europese natuurherstelwet;NA;Kunnen we de biodiversiteit van (versnipperde) natuur sterker maken;NA;NA;NA;hoger;Wet of verdrag;FALSE;NA;NA;75,00000000000000;75,00000000000000;Rekenkamer
Living Planet Index - NL (fauna het land) (1990 = 100);2021;Klimaat en Milieu;1990 = 100;CBS;een hoger indexgetal is beter;Europese natuurherstelwet;NA;Kunnen we de biodiversiteit van (versnipperde) natuur sterker maken;NA;NA;NA;hoger;Wet of verdrag;FALSE;NA;NA;74,00000000000000;74,00000000000000;Rekenkamer
Living Planet Index - NL (fauna het land) (1990 = 100);2022;Klimaat en Milieu;1990 = 100;CBS;een hoger indexgetal is beter;Europese natuurherstelwet;NA;Kunnen we de biodiversiteit van (versnipperde) natuur sterker maken;NA;NA;NA;hoger;Wet of verdrag;FALSE;NA;NA;74,00000000000000;74,00000000000000;Rekenkamer
Living Planet Index - NL (fauna het land) (1990 = 100);2023;Klimaat en Milieu;1990 = 100;CBS;een hoger indexgetal is beter;Europese natuurherstelwet;NA;Kunnen we de biodiversiteit van (versnipperde) natuur sterker maken;NA;NA;NA;hoger;Wet of verdrag;FALSE;NA;NA;73,00000000000000;73,00000000000000;Rekenkamer
Living Planet Index - NL (fauna het land) (1990 = 100);2024;Klimaat en Milieu;1990 = 100;CBS;een hoger indexgetal is beter;Europese natuurherstelwet;NA;Kunnen we de biodiversiteit van (versnipperde) natuur sterker maken;NA;NA;NA;hoger;Wet of verdrag;FALSE;NA;NA;69,00000000000000;69,00000000000000;Rekenkamer
Living Planet Index - NL (fauna zoetwater);2020;Klimaat en Milieu;fauna zoetwater;CBS;een hoger indexgetal is beter;Europese natuurherstelwet;NA;Kunnen we de biodiversiteit van (versnipperde) natuur sterker maken;NA;NA;NA;hoger;Wet of verdrag;FALSE;NA;NA;181,00000000000000;181,00000000000000;Rekenkamer
Living Planet Index - NL (fauna zoetwater);2021;Klimaat en Milieu;fauna zoetwater;CBS;een hoger indexgetal is beter;Europese natuurherstelwet;NA;Kunnen we de biodiversiteit van (versnipperde) natuur sterker maken;NA;NA;NA;hoger;Wet of verdrag;FALSE;NA;NA;184,00000000000000;184,00000000000000;Rekenkamer
Living Planet Index - NL (fauna zoetwater);2022;Klimaat en Milieu;fauna zoetwater;CBS;een hoger indexgetal is beter;Europese natuurherstelwet;NA;Kunnen we de biodiversiteit van (versnipperde) natuur sterker maken;NA;NA;NA;hoger;Wet of verdrag;FALSE;NA;NA;186,00000000000000;186,00000000000000;Rekenkamer
Living Planet Index - NL (fauna zoetwater);2023;Klimaat en Milieu;fauna zoetwater;CBS;een hoger indexgetal is beter;Europese natuurherstelwet;NA;Kunnen we de biodiversiteit van (versnipperde) natuur sterker maken;NA;NA;NA;hoger;Wet of verdrag;FALSE;NA;NA;189,00000000000000;189,00000000000000;Rekenkamer
Living Planet Index - NL (fauna zoetwater);2024;Klimaat en Milieu;fauna zoetwater;CBS;een hoger indexgetal is beter;Europese natuurherstelwet;NA;Kunnen we de biodiversiteit van (versnipperde) natuur sterker maken;NA;NA;NA;hoger;Wet of verdrag;FALSE;NA;NA;159,00000000000000;159,00000000000000;Rekenkamer
NOx-uistoot (mobiliteit);2020;Klimaat en Milieu;mobiliteit;RIVM;2035: 80,6;Wet stikstofreductie en natuurverbetering;2035: 50% NOx t.o.v. 2019;NA;80,6;2035;NA;lager;Wet of verdrag;TRUE;NA;NA;145,14243124822607;145,14243124822607;Rekenkamer
NOx-uistoot (mobiliteit);2021;Klimaat en Milieu;mobiliteit;RIVM;2035: 80,6;Wet stikstofreductie en natuurverbetering;2035: 50% NOx t.o.v. 2019;NA;80,6;2035;NA;lager;Wet of verdrag;TRUE;NA;NA;138,76573674676885;138,76573674676885;Rekenkamer
NOx-uistoot (mobiliteit);2022;Klimaat en Milieu;mobiliteit;RIVM;2035: 80,6;Wet stikstofreductie en natuurverbetering;2035: 50% NOx t.o.v. 2019;NA;80,6;2035;NA;lager;Wet of verdrag;TRUE;NA;NA;137,72875901396540;137,72875901396540;Rekenkamer
NOx-uistoot (mobiliteit);2023;Klimaat en Milieu;mobiliteit;RIVM;2035: 80,6;Wet stikstofreductie en natuurverbetering;2035: 50% NOx t.o.v. 2019;NA;80,6;2035;NA;lager;Wet of verdrag;TRUE;NA;NA;128,34502437935097;128,34502437935097;Rekenkamer
NOx-uistoot (mobiliteit);2024;Klimaat en Milieu;mobiliteit;RIVM;2035: 80,6;Wet stikstofreductie en natuurverbetering;2035: 50% NOx t.o.v. 2019;NA;80,6;2035;NA;lager;Wet of verdrag;TRUE;NA;NA;122,40657568456956;122,40657568456956;Rekenkamer
Stikstofdepositie gevoelige natuurgebieden (mol/ha);2020;Klimaat en Milieu;mol/ha;RIVM;Doel 2035: 850 mol/ha;Wet stikstofreductie en natuurverbetering;NA;NA;850,0;2035;NA;lager;Wet of verdrag;FALSE;NA;NA;1425,00000000000000;1425,00000000000000;Rekenkamer
Stikstofdepositie gevoelige natuurgebieden (mol/ha);2021;Klimaat en Milieu;mol/ha;RIVM;Doel 2035: 850 mol/ha;Wet stikstofreductie en natuurverbetering;NA;NA;850,0;2035;NA;lager;Wet of verdrag;FALSE;NA;NA;1455,00000000000000;1455,00000000000000;Rekenkamer
Stikstofdepositie gevoelige natuurgebieden (mol/ha);2022;Klimaat en Milieu;mol/ha;RIVM;Doel 2035: 850 mol/ha;Wet stikstofreductie en natuurverbetering;NA;NA;850,0;2035;NA;lager;Wet of verdrag;FALSE;NA;NA;1240,00000000000000;1240,00000000000000;Rekenkamer
Stikstofdepositie gevoelige natuurgebieden (mol/ha);2023;Klimaat en Milieu;mol/ha;RIVM;Doel 2035: 850 mol/ha;Wet stikstofreductie en natuurverbetering;NA;NA;850,0;2035;NA;lager;Wet of verdrag;FALSE;NA;NA;1318,00000000000000;1318,00000000000000;Rekenkamer
Stikstofdepositie gevoelige natuurgebieden (mol/ha);2024;Klimaat en Milieu;mol/ha;RIVM;Doel 2035: 850 mol/ha;Wet stikstofreductie en natuurverbetering;NA;NA;850,0;2035;NA;lager;Wet of verdrag;FALSE;NA;NA;1336,00000000000000;1336,00000000000000;Rekenkamer
Stikstofdepositie gevoelige natuurgebieden (mol/ha);2025;Klimaat en Milieu;mol/ha;RIVM;Doel 2035: 850 mol/ha;Wet stikstofreductie en natuurverbetering;NA;NA;850,0;2035;NA;lager;Wet of verdrag;FALSE;NA;NA;1348,00000000000000;1348,00000000000000;Rekenkamer
"""Rule of Law""-index (rang)";2020;Overheidsfinanciën & Openbaar bestuur;rang;World Justice Project;een lagere rang (getal) is beter;Breed gehanteerde indicator, score gebaseerd op data 8 thema's zoals corruptie, mensenrechten en strafrecht;NA;NA;NA;NA;NA;lager;Overig;FALSE;NA;NA;5,00000000000000;5,00000000000000;Rekenkamer
"""Rule of Law""-index (rang)";2021;Overheidsfinanciën & Openbaar bestuur;rang;World Justice Project;een lagere rang (getal) is beter;Breed gehanteerde indicator, score gebaseerd op data 8 thema's zoals corruptie, mensenrechten en strafrecht;NA;NA;NA;NA;NA;lager;Overig;FALSE;NA;NA;6,00000000000000;6,00000000000000;Rekenkamer
"""Rule of Law""-index (rang)";2022;Overheidsfinanciën & Openbaar bestuur;rang;World Justice Project;een lagere rang (getal) is beter;Breed gehanteerde indicator, score gebaseerd op data 8 thema's zoals corruptie, mensenrechten en strafrecht;NA;NA;NA;NA;NA;lager;Overig;FALSE;NA;NA;5,00000000000000;5,00000000000000;Rekenkamer
"""Rule of Law""-index (rang)";2023;Overheidsfinanciën & Openbaar bestuur;rang;World Justice Project;een lagere rang (getal) is beter;Breed gehanteerde indicator, score gebaseerd op data 8 thema's zoals corruptie, mensenrechten en strafrecht;NA;NA;NA;NA;NA;lager;Overig;FALSE;NA;NA;7,00000000000000;7,00000000000000;Rekenkamer
"""Rule of Law""-index (rang)";2024;Overheidsfinanciën & Openbaar bestuur;rang;World Justice Project;een lagere rang (getal) is beter;Breed gehanteerde indicator, score gebaseerd op data 8 thema's zoals corruptie, mensenrechten en strafrecht;NA;NA;NA;NA;NA;lager;Overig;FALSE;NA;NA;8,00000000000000;8,00000000000000;Rekenkamer
"""Rule of Law""-index (rang)";2025;Overheidsfinanciën & Openbaar bestuur;rang;World Justice Project;een lagere rang (getal) is beter;Breed gehanteerde indicator, score gebaseerd op data 8 thema's zoals corruptie, mensenrechten en strafrecht;NA;NA;NA;NA;NA;lager;Overig;FALSE;NA;NA;9,00000000000000;9,00000000000000;Rekenkamer
"""Rule of Law""-index (score)";2020;Overheidsfinanciën & Openbaar bestuur;score;World Justice Project;een hogere score is beter;Breed gehanteerde indicator, score gebaseerd op data 8 thema's zoals corruptie, mensenrechten en strafrecht;NA;NA;NA;NA;NA;hoger;Overig;FALSE;NA;NA;0,84000000000000;0,84000000000000;Rekenkamer
"""Rule of Law""-index (score)";2021;Overheidsfinanciën & Openbaar bestuur;score;World Justice Project;een hogere score is beter;Breed gehanteerde indicator, score gebaseerd op data 8 thema's zoals corruptie, mensenrechten en strafrecht;NA;NA;NA;NA;NA;hoger;Overig;FALSE;NA;NA;0,83000000000000;0,83000000000000;Rekenkamer
"""Rule of Law""-index (score)";2022;Overheidsfinanciën & Openbaar bestuur;score;World Justice Project;een hogere score is beter;Breed gehanteerde indicator, score gebaseerd op data 8 thema's zoals corruptie, mensenrechten en strafrecht;NA;NA;NA;NA;NA;hoger;Overig;FALSE;NA;NA;0,83000000000000;0,83000000000000;Rekenkamer
"""Rule of Law""-index (score)";2023;Overheidsfinanciën & Openbaar bestuur;score;World Justice Project;een hogere score is beter;Breed gehanteerde indicator, score gebaseerd op data 8 thema's zoals corruptie, mensenrechten en strafrecht;NA;NA;NA;NA;NA;hoger;Overig;FALSE;NA;NA;0,83000000000000;0,83000000000000;Rekenkamer
"""Rule of Law""-index (score)";2024;Overheidsfinanciën & Openbaar bestuur;score;World Justice Project;een hogere score is beter;Breed gehanteerde indicator, score gebaseerd op data 8 thema's zoals corruptie, mensenrechten en strafrecht;NA;NA;NA;NA;NA;hoger;Overig;FALSE;NA;NA;0,83000000000000;0,83000000000000;Rekenkamer
"""Rule of Law""-index (score)";2025;Overheidsfinanciën & Openbaar bestuur;score;World Justice Project;een hogere score is beter;Breed gehanteerde indicator, score gebaseerd op data 8 thema's zoals corruptie, mensenrechten en strafrecht;NA;NA;NA;NA;NA;hoger;Overig;FALSE;NA;NA;0,82000000000000;0,82000000000000;Rekenkamer
EMU-saldo (% BBP);1995;Overheidsfinanciën & Openbaar bestuur;% BBP;CBS StatLine 84118NED;niet lager dan -3%;"Verdrag van Maastricht; Wet HOF; SGP";niet lager dan -3%;NA;-3,0;NA;NA;hoger;Wet of verdrag;TRUE;NA;NA;NA;-8,70000000000000;CBS
EMU-saldo (% BBP);1996;Overheidsfinanciën & Openbaar bestuur;% BBP;CBS StatLine 84118NED;niet lager dan -3%;"Verdrag van Maastricht; Wet HOF; SGP";niet lager dan -3%;NA;-3,0;NA;NA;hoger;Wet of verdrag;TRUE;NA;NA;NA;-1,90000000000000;CBS
EMU-saldo (% BBP);1997;Overheidsfinanciën & Openbaar bestuur;% BBP;CBS StatLine 84118NED;niet lager dan -3%;"Verdrag van Maastricht; Wet HOF; SGP";niet lager dan -3%;NA;-3,0;NA;NA;hoger;Wet of verdrag;TRUE;NA;NA;NA;-1,60000000000000;CBS
EMU-saldo (% BBP);1998;Overheidsfinanciën & Openbaar bestuur;% BBP;CBS StatLine 84118NED;niet lager dan -3%;"Verdrag van Maastricht; Wet HOF; SGP";niet lager dan -3%;NA;-3,0;NA;NA;hoger;Wet of verdrag;TRUE;NA;NA;NA;-1,30000000000000;CBS
EMU-saldo (% BBP);1999;Overheidsfinanciën & Openbaar bestuur;% BBP;CBS StatLine 84118NED;niet lager dan -3%;"Verdrag van Maastricht; Wet HOF; SGP";niet lager dan -3%;NA;-3,0;NA;NA;hoger;Wet of verdrag;TRUE;NA;NA;NA;0,30000000000000;CBS
EMU-saldo (% BBP);2000;Overheidsfinanciën & Openbaar bestuur;% BBP;CBS StatLine 84118NED;niet lager dan -3%;"Verdrag van Maastricht; Wet HOF; SGP";niet lager dan -3%;NA;-3,0;NA;NA;hoger;Wet of verdrag;TRUE;NA;NA;NA;1,10000000000000;CBS
EMU-saldo (% BBP);2001;Overheidsfinanciën & Openbaar bestuur;% BBP;CBS StatLine 84118NED;niet lager dan -3%;"Verdrag van Maastricht; Wet HOF; SGP";niet lager dan -3%;NA;-3,0;NA;NA;hoger;Wet of verdrag;TRUE;NA;NA;NA;-0,50000000000000;CBS
EMU-saldo (% BBP);2002;Overheidsfinanciën & Openbaar bestuur;% BBP;CBS StatLine 84118NED;niet lager dan -3%;"Verdrag van Maastricht; Wet HOF; SGP";niet lager dan -3%;NA;-3,0;NA;NA;hoger;Wet of verdrag;TRUE;NA;NA;NA;-2,20000000000000;CBS
EMU-saldo (% BBP);2003;Overheidsfinanciën & Openbaar bestuur;% BBP;CBS StatLine 84118NED;niet lager dan -3%;"Verdrag van Maastricht; Wet HOF; SGP";niet lager dan -3%;NA;-3,0;NA;NA;hoger;Wet of verdrag;TRUE;NA;NA;NA;-3,20000000000000;CBS
EMU-saldo (% BBP);2004;Overheidsfinanciën & Openbaar bestuur;% BBP;CBS StatLine 84118NED;niet lager dan -3%;"Verdrag van Maastricht; Wet HOF; SGP";niet lager dan -3%;NA;-3,0;NA;NA;hoger;Wet of verdrag;TRUE;NA;NA;NA;-1,80000000000000;CBS
EMU-saldo (% BBP);2005;Overheidsfinanciën & Openbaar bestuur;% BBP;CBS StatLine 84118NED;niet lager dan -3%;"Verdrag van Maastricht; Wet HOF; SGP";niet lager dan -3%;NA;-3,0;NA;NA;hoger;Wet of verdrag;TRUE;NA;NA;NA;-0,50000000000000;CBS
EMU-saldo (% BBP);2006;Overheidsfinanciën & Openbaar bestuur;% BBP;CBS StatLine 84118NED;niet lager dan -3%;"Verdrag van Maastricht; Wet HOF; SGP";niet lager dan -3%;NA;-3,0;NA;NA;hoger;Wet of verdrag;TRUE;NA;NA;NA;0,00000000000000;CBS
EMU-saldo (% BBP);2007;Overheidsfinanciën & Openbaar bestuur;% BBP;CBS StatLine 84118NED;niet lager dan -3%;"Verdrag van Maastricht; Wet HOF; SGP";niet lager dan -3%;NA;-3,0;NA;NA;hoger;Wet of verdrag;TRUE;NA;NA;NA;-0,20000000000000;CBS
EMU-saldo (% BBP);2008;Overheidsfinanciën & Openbaar bestuur;% BBP;CBS StatLine 84118NED;niet lager dan -3%;"Verdrag van Maastricht; Wet HOF; SGP";niet lager dan -3%;NA;-3,0;NA;NA;hoger;Wet of verdrag;TRUE;NA;NA;NA;-0,10000000000000;CBS
EMU-saldo (% BBP);2009;Overheidsfinanciën & Openbaar bestuur;% BBP;CBS StatLine 84118NED;niet lager dan -3%;"Verdrag van Maastricht; Wet HOF; SGP";niet lager dan -3%;NA;-3,0;NA;NA;hoger;Wet of verdrag;TRUE;NA;NA;NA;-5,10000000000000;CBS
EMU-saldo (% BBP);2010;Overheidsfinanciën & Openbaar bestuur;% BBP;CBS StatLine 84118NED;niet lager dan -3%;"Verdrag van Maastricht; Wet HOF; SGP";niet lager dan -3%;NA;-3,0;NA;NA;hoger;Wet of verdrag;TRUE;NA;NA;NA;-5,30000000000000;CBS
EMU-saldo (% BBP);2011;Overheidsfinanciën & Openbaar bestuur;% BBP;CBS StatLine 84118NED;niet lager dan -3%;"Verdrag van Maastricht; Wet HOF; SGP";niet lager dan -3%;NA;-3,0;NA;NA;hoger;Wet of verdrag;TRUE;NA;NA;NA;-4,40000000000000;CBS
EMU-saldo (% BBP);2012;Overheidsfinanciën & Openbaar bestuur;% BBP;CBS StatLine 84118NED;niet lager dan -3%;"Verdrag van Maastricht; Wet HOF; SGP";niet lager dan -3%;NA;-3,0;NA;NA;hoger;Wet of verdrag;TRUE;NA;NA;NA;-3,80000000000000;CBS
EMU-saldo (% BBP);2013;Overheidsfinanciën & Openbaar bestuur;% BBP;CBS StatLine 84118NED;niet lager dan -3%;"Verdrag van Maastricht; Wet HOF; SGP";niet lager dan -3%;NA;-3,0;NA;NA;hoger;Wet of verdrag;TRUE;NA;NA;NA;-2,90000000000000;CBS
EMU-saldo (% BBP);2014;Overheidsfinanciën & Openbaar bestuur;% BBP;CBS StatLine 84118NED;niet lager dan -3%;"Verdrag van Maastricht; Wet HOF; SGP";niet lager dan -3%;NA;-3,0;NA;NA;hoger;Wet of verdrag;TRUE;NA;NA;NA;-2,20000000000000;CBS
EMU-saldo (% BBP);2015;Overheidsfinanciën & Openbaar bestuur;% BBP;CBS StatLine 84118NED;niet lager dan -3%;"Verdrag van Maastricht; Wet HOF; SGP";niet lager dan -3%;NA;-3,0;NA;NA;hoger;Wet of verdrag;TRUE;NA;NA;NA;-1,80000000000000;CBS
EMU-saldo (% BBP);2016;Overheidsfinanciën & Openbaar bestuur;% BBP;CBS StatLine 84118NED;niet lager dan -3%;"Verdrag van Maastricht; Wet HOF; SGP";niet lager dan -3%;NA;-3,0;NA;NA;hoger;Wet of verdrag;TRUE;NA;NA;NA;0,20000000000000;CBS
EMU-saldo (% BBP);2017;Overheidsfinanciën & Openbaar bestuur;% BBP;CBS StatLine 84118NED;niet lager dan -3%;"Verdrag van Maastricht; Wet HOF; SGP";niet lager dan -3%;NA;-3,0;NA;NA;hoger;Wet of verdrag;TRUE;NA;NA;NA;1,40000000000000;CBS
EMU-saldo (% BBP);2018;Overheidsfinanciën & Openbaar bestuur;% BBP;CBS StatLine 84118NED;niet lager dan -3%;"Verdrag van Maastricht; Wet HOF; SGP";niet lager dan -3%;NA;-3,0;NA;NA;hoger;Wet of verdrag;TRUE;NA;NA;NA;1,50000000000000;CBS
EMU-saldo (% BBP);2019;Overheidsfinanciën & Openbaar bestuur;% BBP;CBS StatLine 84118NED;niet lager dan -3%;"Verdrag van Maastricht; Wet HOF; SGP";niet lager dan -3%;NA;-3,0;NA;NA;hoger;Wet of verdrag;TRUE;NA;NA;NA;1,90000000000000;CBS
EMU-saldo (% BBP);2020;Overheidsfinanciën & Openbaar bestuur;% BBP;CBS StatLine 84118NED;niet lager dan -3%;"Verdrag van Maastricht; Wet HOF; SGP";niet lager dan -3%;NA;-3,0;NA;NA;hoger;Wet of verdrag;TRUE;NA;NA;-3,70000000000000;-3,70000000000000;CBS
EMU-saldo (% BBP);2021;Overheidsfinanciën & Openbaar bestuur;% BBP;CBS StatLine 84118NED;niet lager dan -3%;"Verdrag van Maastricht; Wet HOF; SGP";niet lager dan -3%;NA;-3,0;NA;NA;hoger;Wet of verdrag;TRUE;NA;NA;-2,30000000000000;-2,30000000000000;CBS
EMU-saldo (% BBP);2022;Overheidsfinanciën & Openbaar bestuur;% BBP;CBS StatLine 84118NED;niet lager dan -3%;"Verdrag van Maastricht; Wet HOF; SGP";niet lager dan -3%;NA;-3,0;NA;NA;hoger;Wet of verdrag;TRUE;NA;NA;0,00000000000000;0,00000000000000;CBS
EMU-saldo (% BBP);2023;Overheidsfinanciën & Openbaar bestuur;% BBP;CBS StatLine 84118NED;niet lager dan -3%;"Verdrag van Maastricht; Wet HOF; SGP";niet lager dan -3%;NA;-3,0;NA;NA;hoger;Wet of verdrag;TRUE;NA;NA;-0,40000000000000;-0,30000000000000;CBS
EMU-saldo (% BBP);2024;Overheidsfinanciën & Openbaar bestuur;% BBP;CBS StatLine 84118NED;niet lager dan -3%;"Verdrag van Maastricht; Wet HOF; SGP";niet lager dan -3%;NA;-3,0;NA;NA;hoger;Wet of verdrag;TRUE;NA;NA;-0,70000000000000;-0,70000000000000;CBS
EMU-saldo (% BBP);2025;Overheidsfinanciën & Openbaar bestuur;% BBP;CBS StatLine 84118NED;niet lager dan -3%;"Verdrag van Maastricht; Wet HOF; SGP";niet lager dan -3%;NA;-3,0;NA;NA;hoger;Wet of verdrag;TRUE;NA;NA;-1,60000000000000;-1,60000000000000;CBS
EMU-saldo (€ mld);2020;Overheidsfinanciën & Openbaar bestuur;€ mld;CBS;NA;"Verdrag van Maastricht; Wet HOF; SGP";NA;NA;NA;NA;NA;hoger;Wet of verdrag;FALSE;NA;NA;-30,34700000000000;-30,34700000000000;Rekenkamer
EMU-saldo (€ mld);2021;Overheidsfinanciën & Openbaar bestuur;€ mld;CBS;NA;"Verdrag van Maastricht; Wet HOF; SGP";NA;NA;NA;NA;NA;hoger;Wet of verdrag;FALSE;NA;NA;-20,14500000000000;-20,14500000000000;Rekenkamer
EMU-saldo (€ mld);2022;Overheidsfinanciën & Openbaar bestuur;€ mld;CBS;NA;"Verdrag van Maastricht; Wet HOF; SGP";NA;NA;NA;NA;NA;hoger;Wet of verdrag;FALSE;NA;NA;22,00000000000000;22,00000000000000;Rekenkamer
EMU-saldo (€ mld);2023;Overheidsfinanciën & Openbaar bestuur;€ mld;CBS;NA;"Verdrag van Maastricht; Wet HOF; SGP";NA;NA;NA;NA;NA;hoger;Wet of verdrag;FALSE;NA;NA;-3,89700000000000;-3,89700000000000;Rekenkamer
EMU-saldo (€ mld);2024;Overheidsfinanciën & Openbaar bestuur;€ mld;CBS;NA;"Verdrag van Maastricht; Wet HOF; SGP";NA;NA;NA;NA;NA;hoger;Wet of verdrag;FALSE;NA;NA;-8,30000000000000;-8,30000000000000;Rekenkamer
EMU-saldo (€ mld);2025;Overheidsfinanciën & Openbaar bestuur;€ mld;CBS;NA;"Verdrag van Maastricht; Wet HOF; SGP";NA;NA;NA;NA;NA;hoger;Wet of verdrag;FALSE;NA;NA;-18,70000000000000;-18,70000000000000;Rekenkamer
EMU-schuld (% BBP);1995;Overheidsfinanciën & Openbaar bestuur;% BBP;CBS StatLine 84118NED;max. 60%;"Verdrag van Maastricht; Wet HOF; SGP";NA;NA;60,0;NA;NA;lager;Wet of verdrag;FALSE;NA;NA;NA;73,20000000000000;CBS
EMU-schuld (% BBP);1996;Overheidsfinanciën & Openbaar bestuur;% BBP;CBS StatLine 84118NED;max. 60%;"Verdrag van Maastricht; Wet HOF; SGP";NA;NA;60,0;NA;NA;lager;Wet of verdrag;FALSE;NA;NA;NA;71,40000000000001;CBS
EMU-schuld (% BBP);1997;Overheidsfinanciën & Openbaar bestuur;% BBP;CBS StatLine 84118NED;max. 60%;"Verdrag van Maastricht; Wet HOF; SGP";NA;NA;60,0;NA;NA;lager;Wet of verdrag;FALSE;NA;NA;NA;65,80000000000000;CBS
EMU-schuld (% BBP);1998;Overheidsfinanciën & Openbaar bestuur;% BBP;CBS StatLine 84118NED;max. 60%;"Verdrag van Maastricht; Wet HOF; SGP";NA;NA;60,0;NA;NA;lager;Wet of verdrag;FALSE;NA;NA;NA;62,80000000000000;CBS
EMU-schuld (% BBP);1999;Overheidsfinanciën & Openbaar bestuur;% BBP;CBS StatLine 84118NED;max. 60%;"Verdrag van Maastricht; Wet HOF; SGP";NA;NA;60,0;NA;NA;lager;Wet of verdrag;FALSE;NA;NA;NA;58,70000000000000;CBS
EMU-schuld (% BBP);2000;Overheidsfinanciën & Openbaar bestuur;% BBP;CBS StatLine 84118NED;max. 60%;"Verdrag van Maastricht; Wet HOF; SGP";NA;NA;60,0;NA;NA;lager;Wet of verdrag;FALSE;NA;NA;NA;52,20000000000000;CBS
EMU-schuld (% BBP);2001;Overheidsfinanciën & Openbaar bestuur;% BBP;CBS StatLine 84118NED;max. 60%;"Verdrag van Maastricht; Wet HOF; SGP";NA;NA;60,0;NA;NA;lager;Wet of verdrag;FALSE;NA;NA;NA;49,50000000000000;CBS
EMU-schuld (% BBP);2002;Overheidsfinanciën & Openbaar bestuur;% BBP;CBS StatLine 84118NED;max. 60%;"Verdrag van Maastricht; Wet HOF; SGP";NA;NA;60,0;NA;NA;lager;Wet of verdrag;FALSE;NA;NA;NA;48,80000000000000;CBS
EMU-schuld (% BBP);2003;Overheidsfinanciën & Openbaar bestuur;% BBP;CBS StatLine 84118NED;max. 60%;"Verdrag van Maastricht; Wet HOF; SGP";NA;NA;60,0;NA;NA;lager;Wet of verdrag;FALSE;NA;NA;NA;49,90000000000000;CBS
EMU-schuld (% BBP);2004;Overheidsfinanciën & Openbaar bestuur;% BBP;CBS StatLine 84118NED;max. 60%;"Verdrag van Maastricht; Wet HOF; SGP";NA;NA;60,0;NA;NA;lager;Wet of verdrag;FALSE;NA;NA;NA;50,20000000000000;CBS
EMU-schuld (% BBP);2005;Overheidsfinanciën & Openbaar bestuur;% BBP;CBS StatLine 84118NED;max. 60%;"Verdrag van Maastricht; Wet HOF; SGP";NA;NA;60,0;NA;NA;lager;Wet of verdrag;FALSE;NA;NA;NA;49,60000000000000;CBS
EMU-schuld (% BBP);2006;Overheidsfinanciën & Openbaar bestuur;% BBP;CBS StatLine 84118NED;max. 60%;"Verdrag van Maastricht; Wet HOF; SGP";NA;NA;60,0;NA;NA;lager;Wet of verdrag;FALSE;NA;NA;NA;45,00000000000000;CBS
EMU-schuld (% BBP);2007;Overheidsfinanciën & Openbaar bestuur;% BBP;CBS StatLine 84118NED;max. 60%;"Verdrag van Maastricht; Wet HOF; SGP";NA;NA;60,0;NA;NA;lager;Wet of verdrag;FALSE;NA;NA;NA;42,80000000000000;CBS
EMU-schuld (% BBP);2008;Overheidsfinanciën & Openbaar bestuur;% BBP;CBS StatLine 84118NED;max. 60%;"Verdrag van Maastricht; Wet HOF; SGP";NA;NA;60,0;NA;NA;lager;Wet of verdrag;FALSE;NA;NA;NA;54,30000000000000;CBS
EMU-schuld (% BBP);2009;Overheidsfinanciën & Openbaar bestuur;% BBP;CBS StatLine 84118NED;max. 60%;"Verdrag van Maastricht; Wet HOF; SGP";NA;NA;60,0;NA;NA;lager;Wet of verdrag;FALSE;NA;NA;NA;56,30000000000000;CBS
EMU-schuld (% BBP);2010;Overheidsfinanciën & Openbaar bestuur;% BBP;CBS StatLine 84118NED;max. 60%;"Verdrag van Maastricht; Wet HOF; SGP";NA;NA;60,0;NA;NA;lager;Wet of verdrag;FALSE;NA;NA;NA;58,90000000000000;CBS
EMU-schuld (% BBP);2011;Overheidsfinanciën & Openbaar bestuur;% BBP;CBS StatLine 84118NED;max. 60%;"Verdrag van Maastricht; Wet HOF; SGP";NA;NA;60,0;NA;NA;lager;Wet of verdrag;FALSE;NA;NA;NA;61,20000000000000;CBS
EMU-schuld (% BBP);2012;Overheidsfinanciën & Openbaar bestuur;% BBP;CBS StatLine 84118NED;max. 60%;"Verdrag van Maastricht; Wet HOF; SGP";NA;NA;60,0;NA;NA;lager;Wet of verdrag;FALSE;NA;NA;NA;65,70000000000000;CBS
EMU-schuld (% BBP);2013;Overheidsfinanciën & Openbaar bestuur;% BBP;CBS StatLine 84118NED;max. 60%;"Verdrag van Maastricht; Wet HOF; SGP";NA;NA;60,0;NA;NA;lager;Wet of verdrag;FALSE;NA;NA;NA;67,20000000000000;CBS
EMU-schuld (% BBP);2014;Overheidsfinanciën & Openbaar bestuur;% BBP;CBS StatLine 84118NED;max. 60%;"Verdrag van Maastricht; Wet HOF; SGP";NA;NA;60,0;NA;NA;lager;Wet of verdrag;FALSE;NA;NA;NA;67,20000000000000;CBS
EMU-schuld (% BBP);2015;Overheidsfinanciën & Openbaar bestuur;% BBP;CBS StatLine 84118NED;max. 60%;"Verdrag van Maastricht; Wet HOF; SGP";NA;NA;60,0;NA;NA;lager;Wet of verdrag;FALSE;NA;NA;NA;63,80000000000000;CBS
EMU-schuld (% BBP);2016;Overheidsfinanciën & Openbaar bestuur;% BBP;CBS StatLine 84118NED;max. 60%;"Verdrag van Maastricht; Wet HOF; SGP";NA;NA;60,0;NA;NA;lager;Wet of verdrag;FALSE;NA;NA;NA;60,90000000000000;CBS
EMU-schuld (% BBP);2017;Overheidsfinanciën & Openbaar bestuur;% BBP;CBS StatLine 84118NED;max. 60%;"Verdrag van Maastricht; Wet HOF; SGP";NA;NA;60,0;NA;NA;lager;Wet of verdrag;FALSE;NA;NA;NA;56,00000000000000;CBS
EMU-schuld (% BBP);2018;Overheidsfinanciën & Openbaar bestuur;% BBP;CBS StatLine 84118NED;max. 60%;"Verdrag van Maastricht; Wet HOF; SGP";NA;NA;60,0;NA;NA;lager;Wet of verdrag;FALSE;NA;NA;NA;51,60000000000000;CBS
EMU-schuld (% BBP);2019;Overheidsfinanciën & Openbaar bestuur;% BBP;CBS StatLine 84118NED;max. 60%;"Verdrag van Maastricht; Wet HOF; SGP";NA;NA;60,0;NA;NA;lager;Wet of verdrag;FALSE;NA;NA;NA;47,70000000000000;CBS
EMU-schuld (% BBP);2020;Overheidsfinanciën & Openbaar bestuur;% BBP;CBS StatLine 84118NED;max. 60%;"Verdrag van Maastricht; Wet HOF; SGP";NA;NA;60,0;NA;NA;lager;Wet of verdrag;FALSE;NA;NA;53,40000000000000;53,40000000000000;CBS
EMU-schuld (% BBP);2021;Overheidsfinanciën & Openbaar bestuur;% BBP;CBS StatLine 84118NED;max. 60%;"Verdrag van Maastricht; Wet HOF; SGP";NA;NA;60,0;NA;NA;lager;Wet of verdrag;FALSE;NA;NA;50,50000000000000;50,50000000000000;CBS
EMU-schuld (% BBP);2022;Overheidsfinanciën & Openbaar bestuur;% BBP;CBS StatLine 84118NED;max. 60%;"Verdrag van Maastricht; Wet HOF; SGP";NA;NA;60,0;NA;NA;lager;Wet of verdrag;FALSE;NA;NA;48,40000000000000;48,40000000000000;CBS
EMU-schuld (% BBP);2023;Overheidsfinanciën & Openbaar bestuur;% BBP;CBS StatLine 84118NED;max. 60%;"Verdrag van Maastricht; Wet HOF; SGP";NA;NA;60,0;NA;NA;lager;Wet of verdrag;FALSE;NA;NA;45,80000000000000;45,90000000000000;CBS
EMU-schuld (% BBP);2024;Overheidsfinanciën & Openbaar bestuur;% BBP;CBS StatLine 84118NED;max. 60%;"Verdrag van Maastricht; Wet HOF; SGP";NA;NA;60,0;NA;NA;lager;Wet of verdrag;FALSE;NA;NA;43,80000000000000;44,00000000000000;CBS
EMU-schuld (% BBP);2025;Overheidsfinanciën & Openbaar bestuur;% BBP;CBS StatLine 84118NED;max. 60%;"Verdrag van Maastricht; Wet HOF; SGP";NA;NA;60,0;NA;NA;lager;Wet of verdrag;FALSE;NA;NA;44,40000000000000;44,70000000000000;CBS
Totale overheidsuitgaven als % BBP;2020;Overheidsfinanciën & Openbaar bestuur;NA;CBS;NA;Europese Stabiliteits- en Groeipact;NA;NA;NA;NA;NA;NA;Internationale afspraak;FALSE;NA;NA;47,80000000000000;47,80000000000000;Rekenkamer
Totale overheidsuitgaven als % BBP;2021;Overheidsfinanciën & Openbaar bestuur;NA;CBS;NA;Europese Stabiliteits- en Groeipact;NA;NA;NA;NA;NA;NA;Internationale afspraak;FALSE;NA;NA;45,90000000000000;45,90000000000000;Rekenkamer
Totale overheidsuitgaven als % BBP;2022;Overheidsfinanciën & Openbaar bestuur;NA;CBS;NA;Europese Stabiliteits- en Groeipact;NA;NA;NA;NA;NA;NA;Internationale afspraak;FALSE;NA;NA;43,30000000000000;43,30000000000000;Rekenkamer
Totale overheidsuitgaven als % BBP;2023;Overheidsfinanciën & Openbaar bestuur;NA;CBS;NA;Europese Stabiliteits- en Groeipact;NA;NA;NA;NA;NA;NA;Internationale afspraak;FALSE;NA;NA;44,00000000000000;44,00000000000000;Rekenkamer
Totale overheidsuitgaven als % BBP;2024;Overheidsfinanciën & Openbaar bestuur;NA;CBS;NA;Europese Stabiliteits- en Groeipact;NA;NA;NA;NA;NA;NA;Internationale afspraak;FALSE;NA;NA;44,30000000000000;44,30000000000000;Rekenkamer
Totale overheidsuitgaven als % BBP;2025;Overheidsfinanciën & Openbaar bestuur;NA;CBS;NA;Europese Stabiliteits- en Groeipact;NA;NA;NA;NA;NA;NA;Internationale afspraak;FALSE;NA;NA;44,90000000000000;44,90000000000000;Rekenkamer
Vertrouwen in Tweede Kamer (% met (tamelijk) veel vertrouwen);2020;Overheidsfinanciën & Openbaar bestuur;NA;CBS;een hoger % is beter;Legitimiteit parlementaire democratie, Vertrouwensregel;NA;NA;NA;NA;NA;hoger;Overig;FALSE;NA;NA;53,20000000000000;53,20000000000000;Rekenkamer
Vertrouwen in Tweede Kamer (% met (tamelijk) veel vertrouwen);2021;Overheidsfinanciën & Openbaar bestuur;NA;CBS;een hoger % is beter;Legitimiteit parlementaire democratie, Vertrouwensregel;NA;NA;NA;NA;NA;hoger;Overig;FALSE;NA;NA;42,30000000000000;42,30000000000000;Rekenkamer
Vertrouwen in Tweede Kamer (% met (tamelijk) veel vertrouwen);2022;Overheidsfinanciën & Openbaar bestuur;NA;CBS;een hoger % is beter;Legitimiteit parlementaire democratie, Vertrouwensregel;NA;NA;NA;NA;NA;hoger;Overig;FALSE;NA;NA;30,40000000000000;30,40000000000000;Rekenkamer
Vertrouwen in Tweede Kamer (% met (tamelijk) veel vertrouwen);2023;Overheidsfinanciën & Openbaar bestuur;NA;CBS;een hoger % is beter;Legitimiteit parlementaire democratie, Vertrouwensregel;NA;NA;NA;NA;NA;hoger;Overig;FALSE;NA;NA;29,00000000000000;29,00000000000000;Rekenkamer
Vertrouwen in Tweede Kamer (% met (tamelijk) veel vertrouwen);2024;Overheidsfinanciën & Openbaar bestuur;NA;CBS;een hoger % is beter;Legitimiteit parlementaire democratie, Vertrouwensregel;NA;NA;NA;NA;NA;hoger;Overig;FALSE;NA;NA;31,30000000000000;31,30000000000000;Rekenkamer
Vertrouwen in Tweede Kamer (% met (tamelijk) veel vertrouwen);2025;Overheidsfinanciën & Openbaar bestuur;NA;CBS;een hoger % is beter;Legitimiteit parlementaire democratie, Vertrouwensregel;NA;NA;NA;NA;NA;hoger;Overig;FALSE;NA;NA;24,60000000000000;24,60000000000000;Rekenkamer
(Mediane) Woonquote (eigenaar);2020;Wonen;eigenaar;CBS;Lager is beter;Woningwet;NA;NA;NA;NA;NA;lager;Wet of verdrag;FALSE;NA;NA;18,70000000000000;18,70000000000000;Rekenkamer
(Mediane) Woonquote (eigenaar);2021;Wonen;eigenaar;CBS;Lager is beter;Woningwet;NA;NA;NA;NA;NA;lager;Wet of verdrag;FALSE;NA;NA;18,30000000000000;18,30000000000000;Rekenkamer
(Mediane) Woonquote (eigenaar);2022;Wonen;eigenaar;CBS;Lager is beter;Woningwet;NA;NA;NA;NA;NA;lager;Wet of verdrag;FALSE;NA;NA;17,10000000000000;17,10000000000000;Rekenkamer
(Mediane) Woonquote (eigenaar);2023;Wonen;eigenaar;CBS;Lager is beter;Woningwet;NA;NA;NA;NA;NA;lager;Wet of verdrag;FALSE;NA;NA;17,10000000000000;17,10000000000000;Rekenkamer
(Mediane) Woonquote (huurder);2020;Wonen;huurder;CBS;Lager is beter;Woningwet;NA;NA;NA;NA;NA;lager;Wet of verdrag;FALSE;NA;NA;29,60000000000000;29,60000000000000;Rekenkamer
(Mediane) Woonquote (huurder);2021;Wonen;huurder;CBS;Lager is beter;Woningwet;NA;NA;NA;NA;NA;lager;Wet of verdrag;FALSE;NA;NA;30,30000000000000;30,30000000000000;Rekenkamer
(Mediane) Woonquote (huurder);2022;Wonen;huurder;CBS;Lager is beter;Woningwet;NA;NA;NA;NA;NA;lager;Wet of verdrag;FALSE;NA;NA;25,70000000000000;25,70000000000000;Rekenkamer
(Mediane) Woonquote (huurder);2023;Wonen;huurder;CBS;Lager is beter;Woningwet;NA;NA;NA;NA;NA;lager;Wet of verdrag;FALSE;NA;NA;26,40000000000000;26,40000000000000;Rekenkamer
Dakloosheid (dakloze mensen x 1.000);2020;Wonen;dakloze mensen x 1.000;NA;2030: nul daklozen;"Grondwet, VN-verdrag (recht op wonen); Nationaal Actieplan Dakloosheid";NA;NA;0,0;2030;NA;lager;Wet of verdrag;FALSE;NA;NA;36,40000000000000;36,40000000000000;Rekenkamer
Dakloosheid (dakloze mensen x 1.000);2021;Wonen;dakloze mensen x 1.000;NA;2030: nul daklozen;"Grondwet, VN-verdrag (recht op wonen); Nationaal Actieplan Dakloosheid";NA;NA;0,0;2030;NA;lager;Wet of verdrag;FALSE;NA;NA;32,00000000000000;32,00000000000000;Rekenkamer
Dakloosheid (dakloze mensen x 1.000);2022;Wonen;dakloze mensen x 1.000;NA;2030: nul daklozen;"Grondwet, VN-verdrag (recht op wonen); Nationaal Actieplan Dakloosheid";NA;NA;0,0;2030;NA;lager;Wet of verdrag;FALSE;NA;NA;26,60000000000000;26,60000000000000;Rekenkamer
Dakloosheid (dakloze mensen x 1.000);2023;Wonen;dakloze mensen x 1.000;NA;2030: nul daklozen;"Grondwet, VN-verdrag (recht op wonen); Nationaal Actieplan Dakloosheid";NA;NA;0,0;2030;NA;lager;Wet of verdrag;FALSE;NA;NA;30,60000000000000;30,60000000000000;Rekenkamer
Dakloosheid (dakloze mensen x 1.000);2024;Wonen;dakloze mensen x 1.000;NA;2030: nul daklozen;"Grondwet, VN-verdrag (recht op wonen); Nationaal Actieplan Dakloosheid";NA;NA;0,0;2030;NA;lager;Wet of verdrag;FALSE;NA;NA;33,00000000000000;33,00000000000000;Rekenkamer
Verdeling woningvoorraad naar eigendom (koop);2020;Wonen;koop;CBS;NA;Programma Woningbouw 2022;NA;NA;NA;NA;NA;NA;Overig;FALSE;NA;NA;4517,92100000000028;4517,92100000000028;Rekenkamer
Verdeling woningvoorraad naar eigendom (koop);2021;Wonen;koop;CBS;NA;Programma Woningbouw 2022;NA;NA;NA;NA;NA;NA;Overig;FALSE;NA;NA;4549,47999999999956;4549,47999999999956;Rekenkamer
Verdeling woningvoorraad naar eigendom (koop);2022;Wonen;koop;CBS;NA;Programma Woningbouw 2022;NA;NA;NA;NA;NA;NA;Overig;FALSE;NA;NA;4597,51800000000003;4597,51800000000003;Rekenkamer
Verdeling woningvoorraad naar eigendom (koop);2023;Wonen;koop;CBS;NA;Programma Woningbouw 2022;NA;NA;NA;NA;NA;NA;Overig;FALSE;NA;NA;4634,41100000000006;4634,41100000000006;Rekenkamer
Verdeling woningvoorraad naar eigendom (koop);2024;Wonen;koop;CBS;NA;Programma Woningbouw 2022;NA;NA;NA;NA;NA;NA;Overig;FALSE;NA;NA;4686,64699999999993;4686,64699999999993;Rekenkamer
Verdeling woningvoorraad naar eigendom (koop);2025;Wonen;koop;CBS;NA;Programma Woningbouw 2022;NA;NA;NA;NA;NA;NA;Overig;FALSE;NA;NA;4754,00000000000000;4754,00000000000000;Rekenkamer
Verdeling woningvoorraad naar eigendom (sociale huur);2020;Wonen;sociale huur;CBS;Meer is beter;Programma Woningbouw 2022;NA;NA;NA;NA;NA;hoger;Overig;FALSE;NA;NA;2298,88500000000022;2298,88500000000022;Rekenkamer
Verdeling woningvoorraad naar eigendom (sociale huur);2021;Wonen;sociale huur;CBS;Meer is beter;Programma Woningbouw 2022;NA;NA;NA;NA;NA;hoger;Overig;FALSE;NA;NA;2301,73700000000008;2301,73700000000008;Rekenkamer
Verdeling woningvoorraad naar eigendom (sociale huur);2022;Wonen;sociale huur;CBS;Meer is beter;Programma Woningbouw 2022;NA;NA;NA;NA;NA;hoger;Overig;FALSE;NA;NA;2305,77199999999993;2305,77199999999993;Rekenkamer
Verdeling woningvoorraad naar eigendom (sociale huur);2023;Wonen;sociale huur;CBS;Meer is beter;Programma Woningbouw 2022;NA;NA;NA;NA;NA;hoger;Overig;FALSE;NA;NA;2312,98100000000022;2312,98100000000022;Rekenkamer
Verdeling woningvoorraad naar eigendom (sociale huur);2024;Wonen;sociale huur;CBS;Meer is beter;Programma Woningbouw 2022;NA;NA;NA;NA;NA;hoger;Overig;FALSE;NA;NA;2321,42099999999982;2321,42099999999982;Rekenkamer
Verdeling woningvoorraad naar eigendom (sociale huur);2025;Wonen;sociale huur;CBS;Meer is beter;Programma Woningbouw 2022;NA;NA;NA;NA;NA;hoger;Overig;FALSE;NA;NA;2332,00000000000000;2332,00000000000000;Rekenkamer
Verdeling woningvoorraad naar eigendom (vrije sectorhuur);2020;Wonen;vrije sectorhuur;CBS;NA;Programma Woningbouw 2022;NA;NA;NA;NA;NA;NA;Overig;FALSE;NA;NA;1058,83600000000001;1058,83600000000001;Rekenkamer
Verdeling woningvoorraad naar eigendom (vrije sectorhuur);2021;Wonen;vrije sectorhuur;CBS;NA;Programma Woningbouw 2022;NA;NA;NA;NA;NA;NA;Overig;FALSE;NA;NA;1100,04199999999992;1100,04199999999992;Rekenkamer
Verdeling woningvoorraad naar eigendom (vrije sectorhuur);2022;Wonen;vrije sectorhuur;CBS;NA;Programma Woningbouw 2022;NA;NA;NA;NA;NA;NA;Overig;FALSE;NA;NA;1128,68299999999999;1128,68299999999999;Rekenkamer
Verdeling woningvoorraad naar eigendom (vrije sectorhuur);2023;Wonen;vrije sectorhuur;CBS;NA;Programma Woningbouw 2022;NA;NA;NA;NA;NA;NA;Overig;FALSE;NA;NA;1166,60699999999997;1166,60699999999997;Rekenkamer
Verdeling woningvoorraad naar eigendom (vrije sectorhuur);2024;Wonen;vrije sectorhuur;CBS;NA;Programma Woningbouw 2022;NA;NA;NA;NA;NA;NA;Overig;FALSE;NA;NA;1186,83099999999990;1186,83099999999990;Rekenkamer
Verdeling woningvoorraad naar eigendom (vrije sectorhuur);2025;Wonen;vrije sectorhuur;CBS;NA;Programma Woningbouw 2022;NA;NA;NA;NA;NA;NA;Overig;FALSE;NA;NA;1181,00000000000000;1181,00000000000000;Rekenkamer
Woningen tekort (aantal);2020;Wonen;aantal;CBS/SBF;Lager tekort is beter;Programma Woningbouw 2022;NA;Woningtekort terugdringen;NA;NA;NA;lager;Overig;FALSE;NA;NA;331,00000000000000;331,00000000000000;Rekenkamer
Woningen tekort (aantal);2021;Wonen;aantal;CBS/SBF;Lager tekort is beter;Programma Woningbouw 2022;NA;Woningtekort terugdringen;NA;NA;NA;lager;Overig;FALSE;NA;NA;279,00000000000000;279,00000000000000;Rekenkamer
Woningen tekort (aantal);2022;Wonen;aantal;CBS/SBF;Lager tekort is beter;Programma Woningbouw 2022;NA;Woningtekort terugdringen;NA;NA;NA;lager;Overig;FALSE;NA;NA;315,00000000000000;315,00000000000000;Rekenkamer
Woningen tekort (aantal);2023;Wonen;aantal;CBS/SBF;Lager tekort is beter;Programma Woningbouw 2022;NA;Woningtekort terugdringen;NA;NA;NA;lager;Overig;FALSE;NA;NA;390,00000000000000;390,00000000000000;Rekenkamer
Woningen tekort (aantal);2024;Wonen;aantal;CBS/SBF;Lager tekort is beter;Programma Woningbouw 2022;NA;Woningtekort terugdringen;NA;NA;NA;lager;Overig;FALSE;NA;NA;401,00000000000000;401,00000000000000;Rekenkamer
Woningen tekort (aantal);2025;Wonen;aantal;CBS/SBF;Lager tekort is beter;Programma Woningbouw 2022;NA;Woningtekort terugdringen;NA;NA;NA;lager;Overig;FALSE;NA;NA;396,00000000000000;396,00000000000000;Rekenkamer
% rokers 12-18 jr.;2020;Zorg;NA;RIVM/CBS;2040: 0% (12-25jr.);Nationaal Preventieakkoord 2018/Samenhangende preventiestrategie;NA;We gaan door met initiatieven rondom de rookvrije generatie en de minimale leeftijd voor de aanschaf van nicotinehoudende producten gaat naar 21 jaar.;0,0;2040;NA;lager;Beleidsafspraak;FALSE;NA;NA;4,20000000000000;4,20000000000000;Rekenkamer
% rokers 12-18 jr.;2021;Zorg;NA;RIVM/CBS;2040: 0% (12-25jr.);Nationaal Preventieakkoord 2018/Samenhangende preventiestrategie;NA;We gaan door met initiatieven rondom de rookvrije generatie en de minimale leeftijd voor de aanschaf van nicotinehoudende producten gaat naar 21 jaar.;0,0;2040;NA;lager;Beleidsafspraak;FALSE;NA;NA;6,40000000000000;6,40000000000000;Rekenkamer
% rokers 12-18 jr.;2022;Zorg;NA;RIVM/CBS;2040: 0% (12-25jr.);Nationaal Preventieakkoord 2018/Samenhangende preventiestrategie;NA;We gaan door met initiatieven rondom de rookvrije generatie en de minimale leeftijd voor de aanschaf van nicotinehoudende producten gaat naar 21 jaar.;0,0;2040;NA;lager;Beleidsafspraak;FALSE;NA;NA;6,60000000000000;6,60000000000000;Rekenkamer
% rokers 12-18 jr.;2023;Zorg;NA;RIVM/CBS;2040: 0% (12-25jr.);Nationaal Preventieakkoord 2018/Samenhangende preventiestrategie;NA;We gaan door met initiatieven rondom de rookvrije generatie en de minimale leeftijd voor de aanschaf van nicotinehoudende producten gaat naar 21 jaar.;0,0;2040;NA;lager;Beleidsafspraak;FALSE;NA;NA;7,20000000000000;7,20000000000000;Rekenkamer
% rokers 12-18 jr.;2024;Zorg;NA;RIVM/CBS;2040: 0% (12-25jr.);Nationaal Preventieakkoord 2018/Samenhangende preventiestrategie;NA;We gaan door met initiatieven rondom de rookvrije generatie en de minimale leeftijd voor de aanschaf van nicotinehoudende producten gaat naar 21 jaar.;0,0;2040;NA;lager;Beleidsafspraak;FALSE;NA;NA;7,50000000000000;7,50000000000000;Rekenkamer
% rokers 12-18 jr.;2025;Zorg;NA;RIVM/CBS;2040: 0% (12-25jr.);Nationaal Preventieakkoord 2018/Samenhangende preventiestrategie;NA;We gaan door met initiatieven rondom de rookvrije generatie en de minimale leeftijd voor de aanschaf van nicotinehoudende producten gaat naar 21 jaar.;0,0;2040;NA;lager;Beleidsafspraak;FALSE;NA;NA;7,90000000000000;7,90000000000000;Rekenkamer
% rokers > 18 jr.;2020;Zorg;NA;NA;NA;NA;NA;NA;NA;NA;NA;lager;NA;FALSE;NA;NA;20,20000000000000;20,20000000000000;Rekenkamer
% rokers > 18 jr.;2021;Zorg;NA;NA;NA;NA;NA;NA;NA;NA;NA;lager;NA;FALSE;NA;NA;20,60000000000000;20,60000000000000;Rekenkamer
% rokers > 18 jr.;2022;Zorg;NA;NA;NA;NA;NA;NA;NA;NA;NA;lager;NA;FALSE;NA;NA;18,90000000000000;18,90000000000000;Rekenkamer
% rokers > 18 jr.;2023;Zorg;NA;NA;NA;NA;NA;NA;NA;NA;NA;lager;NA;FALSE;NA;NA;19,00000000000000;19,00000000000000;Rekenkamer
% rokers > 18 jr.;2024;Zorg;NA;NA;NA;NA;NA;NA;NA;NA;NA;lager;NA;FALSE;NA;NA;18,20000000000000;18,20000000000000;Rekenkamer
% rokers > 18 jr.;2025;Zorg;NA;NA;NA;NA;NA;NA;NA;NA;NA;lager;NA;FALSE;NA;NA;17,80000000000000;17,80000000000000;Rekenkamer
Gemiddelde wachttijd behandeling ziekenhuis (% langer dan Treeknorm);2022;Zorg;% langer dan Treeknorm;Nza;een lager % is beter;Wet Marktordening Gezondheidszorg;NA;Toegankelijkheid zorg verbeteren;NA;NA;NA;lager;Wet of verdrag;FALSE;NA;NA;46,20000000000000;46,20000000000000;Rekenkamer
Gemiddelde wachttijd behandeling ziekenhuis (% langer dan Treeknorm);2023;Zorg;% langer dan Treeknorm;Nza;een lager % is beter;Wet Marktordening Gezondheidszorg;NA;Toegankelijkheid zorg verbeteren;NA;NA;NA;lager;Wet of verdrag;FALSE;NA;NA;46,00000000000000;46,00000000000000;Rekenkamer
Gemiddelde wachttijd behandeling ziekenhuis (% langer dan Treeknorm);2024;Zorg;% langer dan Treeknorm;Nza;een lager % is beter;Wet Marktordening Gezondheidszorg;NA;Toegankelijkheid zorg verbeteren;NA;NA;NA;lager;Wet of verdrag;FALSE;NA;NA;43,60000000000000;43,60000000000000;Rekenkamer
Gemiddelde wachttijd behandeling ziekenhuis (% langer dan Treeknorm);2025;Zorg;% langer dan Treeknorm;Nza;een lager % is beter;Wet Marktordening Gezondheidszorg;NA;Toegankelijkheid zorg verbeteren;NA;NA;NA;lager;Wet of verdrag;FALSE;NA;NA;42,00000000000000;42,00000000000000;Rekenkamer
Gezonde levensverwachting (bij geboorte) - mannen;2020;Zorg;NA;RIVM/CBS;een hogere leeftijd is beter;Nationaal Preventieakkoord 2018/Samenhangende preventiestrategie;NA;Gezondste generatie;NA;NA;NA;hoger;Beleidsafspraak;FALSE;NA;NA;66,40000000000001;66,40000000000001;Rekenkamer
Gezonde levensverwachting (bij geboorte) - mannen;2021;Zorg;NA;RIVM/CBS;een hogere leeftijd is beter;Nationaal Preventieakkoord 2018/Samenhangende preventiestrategie;NA;Gezondste generatie;NA;NA;NA;hoger;Beleidsafspraak;FALSE;NA;NA;65,40000000000001;65,40000000000001;Rekenkamer
Gezonde levensverwachting (bij geboorte) - mannen;2022;Zorg;NA;RIVM/CBS;een hogere leeftijd is beter;Nationaal Preventieakkoord 2018/Samenhangende preventiestrategie;NA;Gezondste generatie;NA;NA;NA;hoger;Beleidsafspraak;FALSE;NA;NA;63,20000000000000;63,20000000000000;Rekenkamer
Gezonde levensverwachting (bij geboorte) - mannen;2023;Zorg;NA;RIVM/CBS;een hogere leeftijd is beter;Nationaal Preventieakkoord 2018/Samenhangende preventiestrategie;NA;Gezondste generatie;NA;NA;NA;hoger;Beleidsafspraak;FALSE;NA;NA;64,09999999999999;64,09999999999999;Rekenkamer
Gezonde levensverwachting (bij geboorte) - mannen;2024;Zorg;NA;RIVM/CBS;een hogere leeftijd is beter;Nationaal Preventieakkoord 2018/Samenhangende preventiestrategie;NA;Gezondste generatie;NA;NA;NA;hoger;Beleidsafspraak;FALSE;NA;NA;63,50000000000000;63,50000000000000;Rekenkamer
Gezonde levensverwachting (bij geboorte) - mannen;2025;Zorg;NA;RIVM/CBS;een hogere leeftijd is beter;Nationaal Preventieakkoord 2018/Samenhangende preventiestrategie;NA;Gezondste generatie;NA;NA;NA;hoger;Beleidsafspraak;FALSE;NA;NA;64,09999999999999;64,09999999999999;Rekenkamer
Gezonde levensverwachting (bij geboorte) - vrouwen;2020;Zorg;NA;RIVM/CBS;een hogere leeftijd is beter;Nationaal Preventieakkoord 2018/Samenhangende preventiestrategie;NA;Gezondste generatie;NA;NA;NA;hoger;Beleidsafspraak;FALSE;NA;NA;65,80000000000000;65,80000000000000;Rekenkamer
Gezonde levensverwachting (bij geboorte) - vrouwen;2021;Zorg;NA;RIVM/CBS;een hogere leeftijd is beter;Nationaal Preventieakkoord 2018/Samenhangende preventiestrategie;NA;Gezondste generatie;NA;NA;NA;hoger;Beleidsafspraak;FALSE;NA;NA;65,09999999999999;65,09999999999999;Rekenkamer
Gezonde levensverwachting (bij geboorte) - vrouwen;2022;Zorg;NA;RIVM/CBS;een hogere leeftijd is beter;Nationaal Preventieakkoord 2018/Samenhangende preventiestrategie;NA;Gezondste generatie;NA;NA;NA;hoger;Beleidsafspraak;FALSE;NA;NA;62,30000000000000;62,30000000000000;Rekenkamer
Gezonde levensverwachting (bij geboorte) - vrouwen;2023;Zorg;NA;RIVM/CBS;een hogere leeftijd is beter;Nationaal Preventieakkoord 2018/Samenhangende preventiestrategie;NA;Gezondste generatie;NA;NA;NA;hoger;Beleidsafspraak;FALSE;NA;NA;62,40000000000000;62,40000000000000;Rekenkamer
Gezonde levensverwachting (bij geboorte) - vrouwen;2024;Zorg;NA;RIVM/CBS;een hogere leeftijd is beter;Nationaal Preventieakkoord 2018/Samenhangende preventiestrategie;NA;Gezondste generatie;NA;NA;NA;hoger;Beleidsafspraak;FALSE;NA;NA;62,00000000000000;62,00000000000000;Rekenkamer
Gezonde levensverwachting (bij geboorte) - vrouwen;2025;Zorg;NA;RIVM/CBS;een hogere leeftijd is beter;Nationaal Preventieakkoord 2018/Samenhangende preventiestrategie;NA;Gezondste generatie;NA;NA;NA;hoger;Beleidsafspraak;FALSE;NA;NA;62,00000000000000;62,00000000000000;Rekenkamer
Vaccinatiegraad Rijksvaccinatieprogramma zuigelingen (geregistreerde vaccinaties BMR);2020;Zorg;NA;NA;Minimaal 95%;Professionele norm WHO en RIVM voor effectieve bescherming;NA;NA;95,0;NA;NA;hoger;Beleidsafspraak;FALSE;NA;NA;93,59999999999999;93,59999999999999;Rekenkamer
Vaccinatiegraad Rijksvaccinatieprogramma zuigelingen (geregistreerde vaccinaties BMR);2021;Zorg;NA;NA;Minimaal 95%;Professionele norm WHO en RIVM voor effectieve bescherming;NA;NA;95,0;NA;NA;hoger;Beleidsafspraak;FALSE;NA;NA;93,59999999999999;93,59999999999999;Rekenkamer
Vaccinatiegraad Rijksvaccinatieprogramma zuigelingen (geregistreerde vaccinaties BMR);2022;Zorg;NA;NA;Minimaal 95%;Professionele norm WHO en RIVM voor effectieve bescherming;NA;NA;95,0;NA;NA;hoger;Beleidsafspraak;FALSE;NA;NA;92,70000000000000;92,70000000000000;Rekenkamer
Vaccinatiegraad Rijksvaccinatieprogramma zuigelingen (geregistreerde vaccinaties BMR);2023;Zorg;NA;NA;Minimaal 95%;Professionele norm WHO en RIVM voor effectieve bescherming;NA;NA;95,0;NA;NA;hoger;Beleidsafspraak;FALSE;NA;NA;89,40000000000001;89,40000000000001;Rekenkamer
Vaccinatiegraad Rijksvaccinatieprogramma zuigelingen (geregistreerde vaccinaties BMR);2024;Zorg;NA;NA;Minimaal 95%;Professionele norm WHO en RIVM voor effectieve bescherming;NA;NA;95,0;NA;NA;hoger;Beleidsafspraak;FALSE;NA;NA;88,80000000000000;88,80000000000000;Rekenkamer
Vaccinatiegraad Rijksvaccinatieprogramma zuigelingen (geregistreerde vaccinaties BMR);2025;Zorg;NA;NA;Minimaal 95%;Professionele norm WHO en RIVM voor effectieve bescherming;NA;NA;95,0;NA;NA;hoger;Beleidsafspraak;FALSE;NA;NA;88,80000000000000;88,80000000000000;Rekenkamer
Vaccinatiegraad Rijksvaccinatieprogramma zuigelingen (geregistreerde vaccinaties totaal);2020;Zorg;NA;RIVM;Minimaal 90%;Professionele norm WHO en RIVM voor effectieve bescherming;NA;NA;90,0;NA;NA;hoger;Beleidsafspraak;FALSE;NA;NA;90,80000000000000;90,80000000000000;Rekenkamer
Vaccinatiegraad Rijksvaccinatieprogramma zuigelingen (geregistreerde vaccinaties totaal);2021;Zorg;NA;RIVM;Minimaal 90%;Professionele norm WHO en RIVM voor effectieve bescherming;NA;NA;90,0;NA;NA;hoger;Beleidsafspraak;FALSE;NA;NA;91,30000000000000;91,30000000000000;Rekenkamer
Vaccinatiegraad Rijksvaccinatieprogramma zuigelingen (geregistreerde vaccinaties totaal);2022;Zorg;NA;RIVM;Minimaal 90%;Professionele norm WHO en RIVM voor effectieve bescherming;NA;NA;90,0;NA;NA;hoger;Beleidsafspraak;FALSE;NA;NA;90,59999999999999;90,59999999999999;Rekenkamer
Vaccinatiegraad Rijksvaccinatieprogramma zuigelingen (geregistreerde vaccinaties totaal);2023;Zorg;NA;RIVM;Minimaal 90%;Professionele norm WHO en RIVM voor effectieve bescherming;NA;NA;90,0;NA;NA;hoger;Beleidsafspraak;FALSE;NA;NA;84,20000000000000;84,20000000000000;Rekenkamer
Vaccinatiegraad Rijksvaccinatieprogramma zuigelingen (geregistreerde vaccinaties totaal);2024;Zorg;NA;RIVM;Minimaal 90%;Professionele norm WHO en RIVM voor effectieve bescherming;NA;NA;90,0;NA;NA;hoger;Beleidsafspraak;FALSE;NA;NA;83,70000000000000;83,70000000000000;Rekenkamer
Vaccinatiegraad Rijksvaccinatieprogramma zuigelingen (geregistreerde vaccinaties totaal);2025;Zorg;NA;RIVM;Minimaal 90%;Professionele norm WHO en RIVM voor effectieve bescherming;NA;NA;90,0;NA;NA;hoger;Beleidsafspraak;FALSE;NA;NA;86,00000000000000;86,00000000000000;Rekenkamer
Voldoende beweging (% bevolking > 4 jr.);2020;Zorg;% bevolking > 4 jr.;RIVM/CBS;2040: minimaal 75% (4-17 jr.);Nationaal Preventieakkoord 2018/Samenhangende preventiestrategie;NA;We focussen op (…) en op het stimuleren van bewegen;75,0;2040;NA;hoger;Beleidsafspraak;FALSE;NA;NA;52,70000000000000;52,70000000000000;Rekenkamer
Voldoende beweging (% bevolking > 4 jr.);2021;Zorg;% bevolking > 4 jr.;RIVM/CBS;2040: minimaal 75% (4-17 jr.);Nationaal Preventieakkoord 2018/Samenhangende preventiestrategie;NA;We focussen op (…) en op het stimuleren van bewegen;75,0;2040;NA;hoger;Beleidsafspraak;FALSE;NA;NA;47,20000000000000;47,20000000000000;Rekenkamer
Voldoende beweging (% bevolking > 4 jr.);2022;Zorg;% bevolking > 4 jr.;RIVM/CBS;2040: minimaal 75% (4-17 jr.);Nationaal Preventieakkoord 2018/Samenhangende preventiestrategie;NA;We focussen op (…) en op het stimuleren van bewegen;75,0;2040;NA;hoger;Beleidsafspraak;FALSE;NA;NA;44,30000000000000;44,30000000000000;Rekenkamer
Voldoende beweging (% bevolking > 4 jr.);2023;Zorg;% bevolking > 4 jr.;RIVM/CBS;2040: minimaal 75% (4-17 jr.);Nationaal Preventieakkoord 2018/Samenhangende preventiestrategie;NA;We focussen op (…) en op het stimuleren van bewegen;75,0;2040;NA;hoger;Beleidsafspraak;FALSE;NA;NA;45,10000000000000;45,10000000000000;Rekenkamer
Voldoende beweging (% bevolking > 4 jr.);2024;Zorg;% bevolking > 4 jr.;RIVM/CBS;2040: minimaal 75% (4-17 jr.);Nationaal Preventieakkoord 2018/Samenhangende preventiestrategie;NA;We focussen op (…) en op het stimuleren van bewegen;75,0;2040;NA;hoger;Beleidsafspraak;FALSE;NA;NA;46,20000000000000;46,20000000000000;Rekenkamer
Voldoende beweging (% bevolking > 4 jr.);2025;Zorg;% bevolking > 4 jr.;RIVM/CBS;2040: minimaal 75% (4-17 jr.);Nationaal Preventieakkoord 2018/Samenhangende preventiestrategie;NA;We focussen op (…) en op het stimuleren van bewegen;75,0;2040;NA;hoger;Beleidsafspraak;FALSE;NA;NA;47,00000000000000;47,00000000000000;Rekenkamer
